,idx,qwen3:1.7b,qwen3:8b,qwen3:14b,sentence,ground_truth,reasoning_1.7b,explanation_1.7b,reasoning_8b,explanation_8b,reasoning_14b,explanation_14b
0,1,subjective,objective,objective,"Some key symbols (e.g., $J^t$) are used before being defined, and sets $N$ and $M$ are not introduced at all.",objective,"The sentence critiques the paper's structure by pointing out specific flaws (symbols not defined, sets not introduced), which reflects the author's evaluation of the paper's quality and methodology. The language is critical and indicates an opinion about the paper's shortcomings.","The reviewer is expressing an opinion about the paper's weaknesses, which is subjective.","The sentence describes specific factual issues in the paper's presentation (symbols used before definition, missing introductions). It contains no evaluative language, hedging, or personal opinions. The claims can be verified by checking the paper's content, making it an objective observation about the work's technical execution.",The statement presents verifiable factual claims about the paper's methodology and notation usage without expressing subjective evaluation or authorial stance.,"The sentence describes specific factual issues in the paper (symbols used before definition, sets not introduced). It uses neutral language without evaluative terms, hedges, or emotional language. The claims can be verified by examining the paper's content.",The statement reports verifiable issues in the paper's notation without expressing personal opinions or evaluations.
1,3,subjective,objective,objective,"Error feedback is typically useful for biased but contractive compressors, but Theorems 2.5 and 2.8 do not clarify whether it improves convergence for extragradient DIANA.",objective,"The sentence critiques the clarity of Theorems 2.5 and 2.8, which is an evaluative judgment. The first part about error feedback being 'typically useful' is a general technical statement, but the main focus is on the critique of the theorems' ability to clarify convergence, indicating an author's stance.","The sentence expresses a critical evaluation of the theorems' clarity, which is subjective.","The sentence contains two parts. The first part ('Error feedback is typically useful...') may appear evaluative, but it is framed as a general observation about prior work rather than a personal opinion. The second part ('Theorems 2.5 and 2.8 do not clarify...') is a factual claim about the paper's content, stating what the theorems lack in terms of analysis. Since the core assertion is about verifiable gaps in the paper's methodology, the statement is objective.",The sentence objectively identifies a specific limitation in the paper's theorems regarding their analysis of error feedback's convergence properties.,"The sentence discusses the content of specific theorems (2.5 and 2.8) and their failure to clarify a technical question about convergence. It uses neutral language ('do not clarify') and refers to verifiable aspects of the paper's theoretical analysis. While 'typically useful' is a generalization, it is framed as a factual observation about error feedback's role in a specific context, not an evaluative opinion.",The statement objectively describes a gap in the paper's theoretical analysis without expressing personal judgment or subjective evaluation.
2,9,objective,subjective,subjective,"What is a corridor constant, and what does it mean to be explicit and falsifiable?",objective,"The sentence asks for definitions of technical terms ('corridor constant') and clarifies concepts ('explicit and falsifiable'), which are factual and methodological in nature. It does not express personal opinion or evaluation, nor does it state verifiable claims.","The review is requesting clarification on terminology, which is a standard objective task in academic discourse.","The sentence expresses a critique of the paper's clarity by questioning the definition of key terms. While phrased as a question, it reflects the reviewer's evaluation that the paper fails to adequately define 'corridor constant,' 'explicit,' and 'falsifiable'—all of which are subjective judgments about the paper's shortcomings. The context of a peer review's 'weaknesses' section further supports this as an evaluative statement.","The sentence criticizes the paper's lack of clarity on specific terms, which is a subjective assessment of its quality.","The sentence asks for clarification on terms ('corridor constant', 'explicit', 'falsifiable') and implies ambiguity or lack of definition in the paper. While phrased as a question, it reflects the reviewer's judgment that these terms are not adequately explained, which is a subjective evaluation of the paper's clarity. This aligns with the definition of subjective language as it highlights perceived weaknesses in the manuscript's exposition.","The sentence expresses the reviewer's judgment about unclear terminology, which is a subjective evaluation of the paper's quality."
3,14,objective,objective,subjective,This method also outperforms heuristic-based initialization methods in their evaluations.,objective,"The sentence presents a factual comparison between the method and heuristic-based initialization methods using the evaluative term 'outperforms,' which is a standard academic statement of performance. The subject is neutral and lacks hedging or emotional language.",The sentence objectively states a factual comparison between methods without expressing the author's personal opinion or evaluation.,"The sentence reports a comparative claim about the method's performance relative to other approaches. While 'outperforms' is evaluative, it is used in an academic context to describe verifiable experimental results. The absence of personal pronouns, hedging language, or explicit subjective framing (e.g., 'I think', 'in my opinion') indicates it is reporting factual findings rather than expressing personal opinion. The reference to 'their evaluations' implies the comparison is based on measurable data from the paper's own experimental results.","The statement presents a factual comparison of method performance based on reported experimental results, making it objective.","The sentence uses evaluative language ('outperforms') to compare methods, which implies a judgment. However, the phrase 'in their evaluations' is vague and does not specify whether these evaluations are from the paper being reviewed, other studies, or the reviewer's own analysis. This ambiguity makes the claim less objective, as it lacks explicit references to verifiable data or citations. The absence of concrete evidence (e.g., numerical results, specific experiments) further supports a subjective interpretation.","The sentence expresses an evaluative claim ('outperforms') without providing verifiable evidence or context for the evaluations, making it subjective."
4,15,subjective,objective,objective,"Lack of introducing the insight-based memory work, like Expel[1], MSI-Agent[2] and SelfGoal[3].",objective,"The sentence critiques the absence of specific works (Expel[1], MSI-Agent[2], SelfGoal[3]) in the review, implying an evaluation of the paper's completeness. The use of 'lack of introducing' and the mention of specific works suggest an opinion about the paper's coverage, which is subjective.","The reviewer is expressing an opinion about the paper's omission of certain works, indicating a subjective assessment.","The sentence identifies specific works (Expel[1], MSI-Agent[2], SelfGoal[3]) that the paper allegedly lacks. These are verifiable references. The phrasing 'Lack of introducing' is a factual claim about the paper's content rather than an evaluative judgment. While the context is a peer review, the statement itself does not include subjective language, hedging, or author-claim framing. It simply reports an absence of specific citations.",The sentence objectively reports the absence of specific cited works in the paper.,"The sentence states a factual absence of specific works (Expel[1], MSI-Agent[2], SelfGoal[3]) being introduced in the paper. While it highlights a gap, it does so by referencing verifiable citations and does not use evaluative language (e.g., 'fails to', 'weak', 'should have'). The phrasing 'lack of introducing' is neutral and descriptive, focusing on what is missing rather than expressing an opinion on its significance.",The statement objectively reports the absence of cited works without expressing subjective judgment or evaluation.
5,19,objective,subjective,objective,"For example, in creative writing tasks, essay and script require different evaluation criteria.",objective,"The sentence presents a general factual statement about evaluation criteria for different writing tasks. It uses neutral language ('require') and does not include subjective terms, hedging, or emotional stances. The structure is objective as it describes a standard or rule without personal opinion.",The sentence states a factual claim about evaluation criteria for different writing tasks without expressing the author's personal opinion or evaluation.,"The sentence presents a general assertion about evaluation criteria without verifiable evidence or citations. While it appears factual, the phrasing 'require different evaluation criteria' reflects the author's evaluative judgment about what should be the case in creative writing tasks. The absence of hedging language does not negate the subjective nature of the claim, as it represents a normative statement about standards rather than a descriptive fact. The context of a peer review's 'weaknesses' section further suggests this is an evaluative critique rather than an objective observation.","The statement expresses the author's evaluative judgment about evaluation criteria in creative writing tasks, making it subjective.","The sentence describes a general factual distinction between evaluation criteria for different creative writing tasks (essays vs. scripts). It uses neutral language without evaluative terms, hedging, or personal opinion. The statement can be verified based on standard practices in creative writing assessment.",The sentence objectively states a factual difference in evaluation criteria between essay and script tasks without expressing the author's personal stance or opinion.
6,26,subjective,objective,objective,The applicability of the Joint Visual Layer Reduction.,objective,"The sentence 'The applicability of the Joint Visual Layer Reduction' expresses an evaluation of the paper's potential utility, which is an opinion-based assessment. The term 'applicability' implies a judgment about the paper's real-world relevance, aligning with subjective analysis in peer reviews.","The sentence reflects an evaluative judgment about the paper's applicability, making it subjective.","The sentence is a noun phrase describing a concept (applicability of a method) without evaluative language, hedging, or author-claim framing. It does not express opinions, beliefs, or emotional stances. The phrase is a neutral topic statement that could be analyzed objectively in a review context.","The sentence presents a technical concept without subjective evaluation, making it objectively descriptive.","The sentence is a noun phrase stating a topic ('applicability of the Joint Visual Layer Reduction') without expressing any opinion, evaluation, or emotional stance. It does not contain hedging language, personal judgments, or evaluative terms. The focus is on a factual concept rather than the author's perspective.",The sentence neutrally references a topic for analysis without expressing subjective evaluation or opinion.
7,31,subjective,subjective,objective,"While the framework uses parallel expert routing to improve efficiency, it does not quantify the computational costs of its MoE design—for example, how the number of experts (one per 42 dimensions) affects inference time or resource consumption compared to monolithic evaluators.",objective,"The sentence critiques the lack of quantitative analysis in the framework's MoE design, using evaluative language like 'does not quantify' and referencing specific computational costs. This indicates an opinion about the paper's completeness, which is subjective.","The reviewer is expressing an evaluation of the paper's methodology shortcomings, which is a subjective critique.","The sentence contains evaluative language ('does not quantify') and expresses a judgment about the framework's shortcomings. While it mentions specific technical aspects (computational costs, inference time), the core claim is an author's assessment of what the work lacks. The structure ('While...it does not...') frames the criticism as a weakness, which is a subjective evaluation of the paper's completeness.","The sentence expresses a subjective evaluation of the framework's inadequacy in quantifying computational costs, making it a subjective claim.","The sentence identifies a specific omission in the paper's methodology (failure to quantify computational costs) and provides concrete examples (e.g., 'number of experts (one per 42 dimensions)'). These are factual observations about what is missing from the work, without evaluative language, personal opinions, or hedging. The focus is on verifiable content gaps rather than subjective judgment.",The statement objectively describes a factual absence in the paper's analysis without expressing the reviewer's personal evaluation or opinion.
8,33,subjective,objective,objective,Table formatting errors: Table headers are not placed above the tables as required.,objective,"The sentence presents an evaluative judgment about the table's formatting, using terms like 'errors' and 'not placed above the tables as required,' which indicate an author's opinion rather than a verifiable fact. The phrase 'Table formatting errors' explicitly frames the statement as a critique, aligning with subjective analysis.","The reviewer is expressing an opinion about the table's formatting, which is subjective.","The sentence describes a specific formatting violation (headers not placed above tables) that can be verified by checking the table structure. It uses neutral language without hedging, evaluative terms, or personal opinions. The phrase 'as required' refers to an objective standard (likely a journal formatting guideline), making the statement verifiable and factual.",The sentence reports a verifiable formatting error without expressing subjective judgment or opinion.,"The sentence states a factual observation about table formatting ('headers are not placed above the tables') and references a requirement ('as required'), which implies a verifiable standard. There is no evaluative language, hedging, or explicit opinion expressed by the author.",The statement describes a specific formatting deviation from a verifiable standard without expressing subjective judgment or opinion.
9,42,objective,subjective,objective,"Key components are not ablated individually: The Jury Panel’s ablation only removes the entire panel, without testing the impact of removing either the General Judge or Critic Judge alone; there is no ablation of the Scenario Classifier or specific evaluation dimensions to verify their necessity.",objective,"The sentence presents a factual critique of the study's methodology, stating that ablation experiments did not test individual components. It does not include subjective language, evaluations, or hedging, and focuses on verifiable methodological shortcomings.","The review provides an objective analysis of the study's experimental design, highlighting a specific methodological flaw without expressing personal opinion or evaluation.","The sentence critiques the methodology by stating that key components 'are not ablated individually' and explains why this is a limitation. While it describes factual claims about the paper's experiments, the framing of these claims as weaknesses (e.g., 'there is no ablation... to verify their necessity') expresses an evaluative judgment about the methodology's adequacy. The use of terms like 'not ablated' and 'verify their necessity' implies a normative assessment of what should have been done, which aligns with subjective analysis.","The sentence evaluates the methodology's completeness by highlighting omissions, which reflects the reviewer's judgment rather than purely factual reporting.","The sentence describes specific methodological omissions in the ablation study (e.g., 'no ablation of the Scenario Classifier' or 'removing either the General Judge or Critic Judge alone'). These are factual observations about what was not implemented in the research, without evaluative language, personal opinions, or hedging. The focus is on verifiable aspects of the methodology rather than the author's subjective judgment.",The statement objectively reports missing experimental components in the ablation study without expressing personal evaluation or opinion.
10,48,objective,subjective,subjective,"4)	In line 127, it is stated that T-GCN and GC-LSTM are limited to capturing only short-term temporal graph features.",objective,"The sentence reports a factual statement about the technical capabilities of T-GCN and GC-LSTM models without expressing personal opinion or evaluation. It refers to a specific claim from the paper's codebase, which is a verifiable technical fact.","The sentence is a neutral factual statement about the models' functionality, not an opinion or evaluation.","The sentence contains an evaluative claim ('limited to capturing only short-term temporal graph features') that expresses the reviewer's judgment about the models' capabilities. While it references the paper's own claims ('it is stated that'), the use of 'limited' is a subjective assessment of the models' effectiveness, not a verifiable fact. The reviewer is critiquing the paper's approach by highlighting perceived limitations, which aligns with the subjective nature of the 'weaknesses' section in peer reviews.","The sentence expresses a subjective evaluation of the models' capabilities, making it a subjective statement.","The sentence evaluates the capabilities of T-GCN and GC-LSTM by stating they are 'limited to capturing only short-term temporal graph features.' This uses evaluative language ('limited') and reflects the reviewer's judgment about the models' shortcomings. While phrased as a factual claim, the absence of verifiable evidence (e.g., citations or data) and the context of a peer review's weaknesses section suggest it expresses the reviewer's opinion rather than an objective fact.","The statement reflects the reviewer's evaluation of the models' limitations, making it subjective."
11,49,objective,subjective,objective,"For example, there is no experiment showing the effect of misalignment when the input image is not properly aligned with the geometry.",objective,"The sentence states a verifiable fact about the absence of an experiment in the context of misalignment and image alignment. It does not include subjective language, hedging, or evaluative terms. The claim is factual and objective.",The sentence reports a factual absence of an experiment without expressing the author's opinion or evaluation.,"The sentence critiques the paper's methodology by asserting the absence of a specific experiment. While the statement about the experiment's absence could be factual, the context of a peer review 'weaknesses' section frames it as an evaluative judgment. The reviewer is not merely reporting a verifiable fact but expressing a judgment about the paper's adequacy, which aligns with subjective analysis. The phrasing 'there is no experiment' serves as a critique of the work's completeness rather than a neutral factual claim.","The sentence expresses an evaluative judgment about the paper's methodology, making it subjective.","The sentence states a factual absence of experimental evidence ('no experiment showing...') without using evaluative language or expressing the author's opinion. It describes a verifiable gap in the paper's methodology, which aligns with objective reporting.",The statement objectively reports the lack of specific experimental evidence without expressing subjective judgment or evaluation.
12,50,objective,objective,subjective,The figures in the experimental results do not show the variance of reported metrics across independent runs.,objective,"The sentence states a factual observation about the data (figures not showing variance) without expressing personal opinion, evaluation, or emotional stance. It is a direct assertion of a verifiable fact about the experimental results.",The sentence reports a factual discrepancy in the data without subjective judgment.,"The sentence describes a factual observation about the experimental figures (lack of variance visualization) without expressing personal judgment, evaluation, or hedging. It states a verifiable claim about what is absent in the presented data, which aligns with objective reporting of methodological limitations.",The statement is an objective observation about the completeness of the experimental visualization rather than an evaluative opinion or subjective assessment.,"The sentence points out an omission in the figures, which is a judgment about the adequacy of the paper's presentation. While it states a factual absence (figures not showing variance), the context of a peer review's 'weaknesses' section implies an evaluation of the paper's quality. The phrasing 'do not show' frames the absence as a shortcoming, aligning with subjective evaluative language (e.g., 'fails to') from the definitions.","The sentence evaluates the figures' inadequacy in presenting variance, reflecting the reviewer's judgment rather than a purely verifiable fact."
13,57,objective,subjective,subjective,"The environment structure, reward horizon, and credit assignment in MARL are not clearly defined.",subjective,"The sentence states a factual observation about the paper's content (definitions in MARL are not clearly defined), without expressing personal opinion or evaluation. It is a neutral report of a factual claim.","The sentence objectively reports a lack of clarity in the paper's definitions, which is a verifiable fact.","The sentence expresses an evaluative judgment about the clarity of MARL concepts. The phrase 'are not clearly defined' represents the reviewer's assessment of the paper's work, which is a subjective evaluation rather than a verifiable fact. While it refers to the paper's content, the claim about 'clarity' is inherently subjective and depends on the reviewer's interpretation of the work's presentation.","The statement reflects the reviewer's opinion on the paper's clarity, making it subjective.","The sentence uses evaluative language ('not clearly defined') to express the reviewer's judgment about the paper's clarity on specific concepts. While it references aspects of the paper (environment structure, reward horizon, credit assignment), the phrasing reflects the reviewer's perception of inadequacy rather than stating verifiable facts. This aligns with the definition of subjective statements, which include evaluations and opinions about the quality or clarity of work.","The use of 'not clearly defined' reflects the reviewer's evaluation of the paper's clarity, making this a subjective statement."
14,73,objective,subjective,objective,"The paper does not clearly define the adversarial setting for code generation—what kinds of perturbations are used, how they are measured, and what “robustness” precisely means.",subjective,"The sentence critiques the paper's methodology by pointing out a lack of clarity in defining adversarial settings, which is a factual statement about the paper's content rather than an evaluative or subjective opinion. The reviewer is highlighting a deficiency in the paper's methodology, not expressing their own stance.","The sentence is an objective critique of the paper's methodology, focusing on a factual deficiency in its definition of adversarial settings.","The sentence contains evaluative language ('does not clearly define') which expresses the reviewer's judgment about the paper's adequacy. The structure frames the critique as the author's assessment of the paper's methodology, rather than stating verifiable facts. The questions about perturbations and robustness are presented as gaps in the paper's treatment, not as objective observations about its content.","The statement reflects the reviewer's subjective evaluation of the paper's clarity and completeness, rather than presenting factual claims about the work.","The sentence identifies specific omissions in the paper's methodology (e.g., 'perturbations', 'robustness') that are factual and verifiable. While it uses evaluative language ('does not clearly define'), the core content refers to missing definitional elements that should be present in academic work. The critique focuses on the paper's failure to meet standard methodological expectations, which is an objective assessment of its completeness rather than a subjective opinion.","The sentence objectively highlights missing definitional elements in the paper's methodology, which are verifiable and not based on personal judgment."
15,75,objective,subjective,subjective,"Given that MoE architectures typically incur higher memory or latency costs due to expert activation, this omission makes it hard to assess the framework’s practicality in resource-constrained environments.",subjective,"The sentence presents a factual statement about the consequences of an omission in the context of MoE architectures. It describes a general trend (memory/latency costs) and a specific outcome (difficulty in assessing practicality), which are verifiable facts. No subjective language, evaluations, or hedging is present.",The sentence objectively states a factual consequence of an omission without expressing the author's personal opinion or evaluation.,"The sentence contains evaluative language ('makes it hard to assess') that expresses the reviewer's judgment about the paper's limitations. While the initial statement about MoE architectures is factual, the core claim about the omission's impact on practicality assessment is a subjective evaluation of the paper's weaknesses. The phrase 'this omission makes it hard' reflects the reviewer's opinion about the consequences of the paper's shortcomings.","The sentence expresses a subjective evaluation of the paper's practicality in resource-constrained environments due to an omission, which is a common feature of peer review weaknesses sections.","The sentence evaluates the framework’s practicality in resource-constrained environments based on the omission of cost analysis. While the first clause states a general fact about MoE architectures, the second clause introduces the reviewer’s judgment ('makes it hard to assess') and opinion about the framework’s adequacy, which is subjective.","The statement expresses an evaluative opinion about the framework’s practicality, making it subjective."
16,76,objective,subjective,subjective,The poor presentation makes it extremely difficult to evaluate the technical soundness and novelty of the contributions. 1.,subjective,"The sentence states a factual claim about the paper's presentation quality ('poor') and its impact on evaluation. It does not express personal opinions, evaluations, or hedging, nor does it describe methods or report results. The author is critiquing a specific attribute of the paper, which is a verifiable fact.","The sentence is an objective statement about the paper's presentation quality, not an opinion or evaluation.","The sentence contains evaluative language ('poor presentation', 'extremely difficult') which expresses the reviewer's opinion about the paper's presentation quality and its impact on evaluation. The phrase 'makes it difficult to evaluate' reflects the author's judgment rather than stating verifiable facts about the paper's content or methodology.","The sentence expresses the reviewer's opinion about the presentation's effect on evaluation, making it subjective.","The sentence contains evaluative language ('poor presentation', 'extremely difficult') that reflects the reviewer's judgment about the work's quality. The phrase 'makes it difficult to evaluate' expresses a subjective opinion about the impact of the presentation on assessment, rather than stating verifiable facts.",The use of evaluative terms like 'poor' and 'extremely difficult' indicates the reviewer's subjective assessment of the paper's presentation and its effect on evaluation.
17,88,subjective,subjective,objective,"Without comparing to ThinkGeo directly or analyzing performance differences across modalities, it's hard to assess the true benefits of the proposed approach.",subjective,"The sentence expresses an opinion about the study's methodology by stating that without comparing to ThinkGeo or analyzing performance differences, it's hard to assess the benefits. It uses evaluative language ('hard to assess') and implies the author's judgment on the study's completeness.","The sentence is an opinion about the study's methodology, indicating the author's evaluation of its completeness.","The sentence contains evaluative language ('hard to assess') and expresses the author's opinion about the limitations of the paper. The phrase 'it's hard to assess' represents a subjective judgment about the current state of the research. The author is stating their belief that necessary comparisons are missing, which is a subjective evaluation rather than a verifiable fact.","The sentence reflects the reviewer's opinion about the paper's limitations and the difficulty in evaluating its contributions, making it subjective.","The sentence identifies a methodological gap (lack of comparison to ThinkGeo and analysis across modalities) that objectively prevents evaluation of the approach's benefits. While 'hard to assess' might seem subjective, it describes a factual limitation in the study's scope rather than expressing personal judgment. The focus is on verifiable missing elements (comparisons, performance analysis) rather than evaluative language or hedging.","The statement objectively highlights missing methodological components that hinder evaluation, without expressing personal opinions or emotional stances."
