label,confidence,reasoning,explanation,idx,sentence,matched_markers,ground_truth,model,correct
objective,0.95,"The sentence describes specific factual issues in the paper (symbols used before definition, sets not introduced). It uses neutral language without evaluative terms, hedges, or emotional language. The claims can be verified by examining the paper's content.",The statement reports verifiable issues in the paper's notation without expressing personal opinions or evaluations.,1,"Some key symbols (e.g., $J^t$) are used before being defined, and sets $N$ and $M$ are not introduced at all.",,objective,qwen3:14b,True
objective,0.95,"The sentence references prior literature and presents a specific numerical probability (1/64) about a technical phenomenon. These elements are factual claims that can be verified through academic sources. The use of 'recognized' here indicates a consensus in the field rather than the author's personal opinion. There is no evaluative language, hedging, or emotional stance expressed.",The statement reports a verifiable statistical fact and references prior literature without expressing the author's subjective judgment.,2,"Prior literature has extensively documented this phenomenon, and it's recognized that even random copy-move operations have a 1/64 chance of aligning with grid boundaries.",,objective,qwen3:14b,True
objective,0.95,"The sentence discusses the content of specific theorems (2.5 and 2.8) and their failure to clarify a technical question about convergence. It uses neutral language ('do not clarify') and refers to verifiable aspects of the paper's theoretical analysis. While 'typically useful' is a generalization, it is framed as a factual observation about error feedback's role in a specific context, not an evaluative opinion.",The statement objectively describes a gap in the paper's theoretical analysis without expressing personal judgment or subjective evaluation.,3,"Error feedback is typically useful for biased but contractive compressors, but Theorems 2.5 and 2.8 do not clarify whether it improves convergence for extragradient DIANA.",,objective,qwen3:14b,True
objective,0.95,"The sentence states factual omissions in the paper's content (e.g., 'no implementation details', 'no reproducibility discussion') without using evaluative language, hedging, or personal opinion markers. It describes what is absent in the work, which is a common objective critique in academic reviews.",The statement focuses on verifiable missing elements in the paper's content rather than expressing the author's subjective judgment or emotional stance.,4,"Only high-level summaries are given—no implementation details, hyperparameters, or reproducibility discussion.",,objective,qwen3:14b,True
objective,0.95,"The sentence states a factual omission ('not described') without evaluative language, hedging, or explicit opinion markers. It reports a verifiable absence of information in the paper's content, aligning with objective critique standards in academic reviews.",The statement objectively points out a missing methodological detail without expressing judgment or subjective evaluation.,5,The dataset selection process is not described.,,objective,qwen3:14b,True
subjective,0.95,"The sentence critiques the lack of justification for a specific methodological choice (42 evaluation dimensions) and evaluates it as a weakness. While it mentions an observable absence (no justification provided), the phrase 'lacking a basis for this specific number' reflects the reviewer's evaluative judgment about the choice being arbitrary or flawed. This is a subjective assessment of the paper's methodology rather than a neutral factual statement.","The sentence expresses a critical evaluation of the paper's methodology, making it subjective.",6,"No justification is provided for defining exactly 42 evaluation dimensions in Section 3.2, lacking a basis for this specific number.",,objective,qwen3:14b,False
objective,0.95,"The sentence states a factual absence of specific ablation studies in the paper. It does not contain evaluative language, personal opinions, or hedging terms. The claim is verifiable by examining the paper's methodology section for the presence of ablation studies on the mentioned parameters.",The statement reports a verifiable omission in the paper's methodology without expressing the reviewer's subjective evaluation.,7,"There's no ablation for particle‑per‑cell, interior/surface ratios, or grid resolution.",,objective,qwen3:14b,True
objective,0.95,"The sentence reports factual conditions (assumptions about PRMs, sandboxes, etc.) and states the paper's own observation about performance degradation under specific circumstances. There is no evaluative language, personal opinion, or hedging. The phrasing 'the paper notes' indicates it is relaying the authors' own claims rather than the reviewer's subjective judgment.",The statement objectively describes the paper's assumptions and reported performance limitations without expressing the reviewer's personal evaluation or opinion.,8,"The approach assumes access to reasonably accurate PRMs, execution sandboxes, and consistency sampling; the paper notes performance can drop when PRM accuracy is low or process signals are unreliable.",,objective,qwen3:14b,True
subjective,0.85,"The sentence asks for clarification on terms ('corridor constant', 'explicit', 'falsifiable') and implies ambiguity or lack of definition in the paper. While phrased as a question, it reflects the reviewer's judgment that these terms are not adequately explained, which is a subjective evaluation of the paper's clarity. This aligns with the definition of subjective language as it highlights perceived weaknesses in the manuscript's exposition.","The sentence expresses the reviewer's judgment about unclear terminology, which is a subjective evaluation of the paper's quality.",9,"What is a corridor constant, and what does it mean to be explicit and falsifiable?",,objective,qwen3:14b,False
subjective,0.95,"The sentence contains evaluative language ('critical') which expresses the author's judgment about the importance of the components. While the second part ('Section 3.3 provides no detailed information...') appears factual, the overall statement combines an evaluative assertion with a factual observation. In academic peer reviews, labeling components as 'critical' typically reflects the reviewer's opinion rather than an objective fact.","The use of 'critical' to describe the components' importance introduces a subjective evaluation, making the sentence subjective despite containing factual elements.",10,"Core components like the Scenario Classifier and Expert Router are critical to the framework, but Section 3.3 provides no detailed information about their design (e.g., model architecture of the classifier, routing logic of the router).",,objective,qwen3:14b,False
objective,0.95,"The sentence describes a factual limitation of the modelling approach (scope limited to brain regions, excluding finer structures like visual cortex layers). While it highlights a weakness, it does so without evaluative language, hedging, or explicit opinion markers. The statement is a verifiable description of the model's current implementation.",The sentence objectively reports a factual limitation of the model's granularity without expressing subjective judgment or evaluation.,11,"Additionally, the modelling is only done at the level of brain regions and more fine-grained structures (for instance, the layers of visual cortex) are not modelled.",,objective,qwen3:14b,True
objective,0.95,"The sentence states a factual absence of specific elements (variance estimates and statistical significance tests) in the paper. It uses neutral language without evaluative terms, hedging, or personal opinion. The claim is verifiable by examining the paper's content.",The statement reports a verifiable fact about missing components in the paper without expressing the author's evaluation or opinion.,12,No variance estimates or statistical significance tests are reported.,,objective,qwen3:14b,True
objective,0.95,"The sentence describes a technical requirement of the CABA system ('requires all malicious clients to submit...') without expressing personal opinions, evaluations, or emotional stances. Terms like 'malicious clients' and 'emergent backdoor' are factual descriptors within the domain of machine learning security. The statement explains a mechanism (simultaneous submission) necessary for sustaining a backdoor, which is a verifiable system property rather than an author's judgment.",The sentence objectively describes a system requirement without subjective evaluation or hedging language.,13,CABA requires all malicious clients to submit their updates simultaneously each round to sustain the emergent backdoor.,,objective,qwen3:14b,True
subjective,0.75,"The sentence uses evaluative language ('outperforms') to compare methods, which implies a judgment. However, the phrase 'in their evaluations' is vague and does not specify whether these evaluations are from the paper being reviewed, other studies, or the reviewer's own analysis. This ambiguity makes the claim less objective, as it lacks explicit references to verifiable data or citations. The absence of concrete evidence (e.g., numerical results, specific experiments) further supports a subjective interpretation.","The sentence expresses an evaluative claim ('outperforms') without providing verifiable evidence or context for the evaluations, making it subjective.",14,This method also outperforms heuristic-based initialization methods in their evaluations.,,objective,qwen3:14b,False
objective,0.85,"The sentence states a factual absence of specific works (Expel[1], MSI-Agent[2], SelfGoal[3]) being introduced in the paper. While it highlights a gap, it does so by referencing verifiable citations and does not use evaluative language (e.g., 'fails to', 'weak', 'should have'). The phrasing 'lack of introducing' is neutral and descriptive, focusing on what is missing rather than expressing an opinion on its significance.",The statement objectively reports the absence of cited works without expressing subjective judgment or evaluation.,15,"Lack of introducing the insight-based memory work, like Expel[1], MSI-Agent[2] and SelfGoal[3].",,objective,qwen3:14b,True
subjective,0.95,"The sentence evaluates the adequacy of the description ('not described in sufficient detail'), which reflects the reviewer's judgment about the paper's clarity. This is an evaluative statement rather than a verifiable fact. While it references a specific aspect of the paper (the fusion mechanism), the phrasing implies a subjective assessment of its sufficiency.","The sentence expresses a judgment about the description's adequacy, which is a subjective evaluation of the paper's quality.",16,The fusion mechanism of the proposed metric between the aesthetic and artifact branches is not described in sufficient detail.,,objective,qwen3:14b,False
objective,0.95,"The sentence discusses general technical principles of GAN training (requiring diverse samples to avoid overfitting/mode collapse) using established machine learning terminology. It avoids personal opinions, hedging, or evaluative language. The claims are factual and align with widely accepted knowledge in the field of generative models.",The statement presents verifiable technical facts about GAN training without expressing the author's subjective evaluation or opinion.,17,"Training a GAN typically requires thousands of diverse samples; otherwise, the model risks overfitting or mode collapse.",,objective,qwen3:14b,True
objective,0.95,"The sentence reports observed trends in Pass@1 and Pass@32 metrics without evaluative language, personal opinions, or hedging. The use of 'observe' is neutral, and the statements describe verifiable correlations between variables. No subjective terms like 'unclear', 'fails to', or emotional language are present.",The sentence objectively describes the authors' observed trends in metrics without expressing the reviewer's evaluation or stance.,18,"The authors observe that Pass@1 diminishes with length increase, while Pass@32 generally increases.",,objective,qwen3:14b,True
objective,0.95,"The sentence describes a general factual distinction between evaluation criteria for different creative writing tasks (essays vs. scripts). It uses neutral language without evaluative terms, hedging, or personal opinion. The statement can be verified based on standard practices in creative writing assessment.",The sentence objectively states a factual difference in evaluation criteria between essay and script tasks without expressing the author's personal stance or opinion.,19,"For example, in creative writing tasks, essay and script require different evaluation criteria.",,objective,qwen3:14b,True
objective,0.95,"The sentence points to specific missing information (datasets, configuration, model type) without using evaluative language or expressing personal opinion. It states a factual absence of details that could be verified by checking the paper's content. The use of 'are missing' directly references observable gaps in the manuscript rather than subjective judgment.",The statement objectively identifies verifiable omissions in the paper's methodology section without expressing personal evaluation or opinion.,20,"However, the details about the training and evaluation datasets, training configuration, and the exact model type (e.g., the LLM backbones) are missing.",,objective,qwen3:14b,True
subjective,0.95,"The sentence evaluates the paper's methodology as 'lacking diversity of evaluation,' which reflects the reviewer's judgment about its limitations. While the first clause ('considers only English-to-target...') is factual, the second clause introduces an evaluative stance ('lacks the diversity') that expresses the author's opinion on the paper's shortcomings. This aligns with subjective language used in criticism.","The use of 'lacks the diversity of evaluation' conveys the reviewer's judgment about the paper's limitations, making it subjective.",21,"(iii) The paper considers only English-to-target machine translation as a generation task, which lacks the diversity of evaluation.",,objective,qwen3:14b,False
objective,0.95,"The sentence describes a methodological detail ('trigger designed within the joint trigger tuning process') without evaluative language, hedging, or explicit author stance. It states a factual description of a technical process used in the work, aligning with objective reporting of methods.",The statement neutrally describes a technical process without expressing opinions or evaluations.,22,The trigger in this work is designed within the joint trigger tuning process.,,objective,qwen3:14b,True
objective,0.95,"The sentence states a verifiable absence of content in the paper ('no discussion or demonstration'), which can be objectively confirmed by examining the paper's sections. While it highlights a weakness, the statement itself does not include evaluative language, hedging, or explicit opinions. It describes a factual omission in the paper's coverage.",The sentence objectively reports the absence of specific content in the paper without expressing the reviewer's personal judgment or evaluation.,23,"There is no discussion or demonstration of its extensibility to other prevalent forgery methods, such as splicing or those involving AI-generated content.",,objective,qwen3:14b,True
objective,0.95,"The sentence states a factual exclusion of specific methods from evaluation without evaluative language or opinion markers. It references a verifiable citation [2] and describes technical features (DCT, ELA, noise features) objectively. The use of 'are excluded' is a neutral statement of fact rather than an opinion or judgment.",The sentence reports a factual omission in the evaluation process without expressing subjective judgment or emotional stance.,24,"Moreover, recent multi-branch approaches, such as Luo et al. [2], which integrate DCT, ELA, and noise features, are excluded from the evaluation.",,objective,qwen3:14b,True
objective,0.95,"The sentence reports a factual observation about the frequency of specific terms in the paper. It uses neutral language ('mentioned several places') without evaluative judgments, hedging, or emotional language. The statement can be verified by examining the paper's content directly.",The sentence describes a verifiable fact about term usage in the paper without expressing the author's opinion or evaluation.,25,The term “real world” or “physical world” are mentioned several places in the paper.,,objective,qwen3:14b,True
objective,0.95,"The sentence is a noun phrase stating a topic ('applicability of the Joint Visual Layer Reduction') without expressing any opinion, evaluation, or emotional stance. It does not contain hedging language, personal judgments, or evaluative terms. The focus is on a factual concept rather than the author's perspective.",The sentence neutrally references a topic for analysis without expressing subjective evaluation or opinion.,26,The applicability of the Joint Visual Layer Reduction.,,objective,qwen3:14b,True
objective,0.95,"The sentence states a factual absence of specific analyses in the paper (e.g., 'no analysis of...'). The terms 'average number of calls,' 'token usage,' 'latency,' and 'financial cost' are all measurable, verifiable aspects. The author does not express an opinion, evaluation, or emotional stance but reports a gap in the paper's content. There is no hedging or evaluative language.",The sentence objectively identifies missing components in the paper without expressing the author's judgment or subjective evaluation.,27,"However, the paper provides no analysis of the average number of calls, token usage, latency, or financial cost per evaluation.",,objective,qwen3:14b,True
objective,0.95,"The sentence describes a factual characteristic of the work's methodology ('modular approach') and specifies technical components ('VLMs and LLMs') without expressing evaluation, opinion, or hedging. The use of 'however' here serves as a transitional phrase rather than introducing subjectivity.",The statement objectively reports the technical approach used in the work without expressing the author's evaluation or opinion.,28,"However, in this work, it is a modular approach that leverages a combination of VLMs and LLMs.",,objective,qwen3:14b,True
objective,0.95,"The sentence describes a methodological fact (use of kernels for empirical estimation) and references an equation (Eq. 11), which are objective elements. There is no evaluative language, hedging, or expression of personal opinion. The statement is neutral and factual, focusing on the paper's approach rather than the reviewer's judgment.",The sentence reports a verifiable methodological detail without expressing the author's stance or opinion.,29,The empirical estimation of the CS divergence relies on kernels (Eq. 11).,,objective,qwen3:14b,True
objective,0.95,"The sentence states a verifiable fact about the absence of α value definitions in the introduction. It does not include evaluative language, hedging, or personal opinion. The statement is neutral and descriptive, focusing on a specific omission in the paper's content.",The sentence objectively reports a missing element (α value definitions) in the paper's introduction without expressing the reviewer's judgment or evaluation.,30,In the introduction $\alpha$ values are not defined,,objective,qwen3:14b,True
objective,0.95,"The sentence identifies a specific omission in the paper's methodology (failure to quantify computational costs) and provides concrete examples (e.g., 'number of experts (one per 42 dimensions)'). These are factual observations about what is missing from the work, without evaluative language, personal opinions, or hedging. The focus is on verifiable content gaps rather than subjective judgment.",The statement objectively describes a factual absence in the paper's analysis without expressing the reviewer's personal evaluation or opinion.,31,"While the framework uses parallel expert routing to improve efficiency, it does not quantify the computational costs of its MoE design—for example, how the number of experts (one per 42 dimensions) affects inference time or resource consumption compared to monolithic evaluators.",,objective,qwen3:14b,True
objective,0.95,"The sentence states a factual limitation of the experimental scope (using only one dataset) and provides the specific name of the dataset. The term 'limited' here describes a verifiable constraint in the methodology rather than expressing an evaluative opinion. There is no hedging, emotional language, or personal judgment.",The statement objectively reports a factual limitation in the study's methodology without expressing subjective evaluation.,32,The experimental scope is limited to a single dataset (Persian Traffic Sign Dataset).,,objective,qwen3:14b,True
objective,0.95,"The sentence states a factual observation about table formatting ('headers are not placed above the tables') and references a requirement ('as required'), which implies a verifiable standard. There is no evaluative language, hedging, or explicit opinion expressed by the author.",The statement describes a specific formatting deviation from a verifiable standard without expressing subjective judgment or opinion.,33,Table formatting errors: Table headers are not placed above the tables as required.,,objective,qwen3:14b,True
objective,0.95,"The sentence states a factual dependency between classification and batch composition without evaluative language, hedging, or personal opinion. It describes a methodological condition rather than expressing the author's judgment.","The statement is a neutral description of a dependency in the classification process, lacking subjective evaluation or personal stance.",34,The classification depends on batch composition.,,objective,qwen3:14b,True
objective,0.95,"The sentence describes a factual action performed by the paper (comparison between two divergences under a specific distribution) without evaluative language, hedging, or opinion expression. It reports on the paper's content neutrally.",The statement objectively describes the paper's methodology without expressing the reviewer's personal judgment or evaluation.,35,This paper gives a comparison between cs divergence and kl divergence under Gaussian distribution.,,objective,qwen3:14b,True
objective,0.95,"The sentence describes the benchmark's relationship to existing tool-use benchmarks and specifies the additions (goal shift and persona dimensions) without evaluative language or personal opinion. Terms like 'primarily' are used descriptively rather than hedging, and the statement focuses on factual characteristics of the benchmark.",The sentence objectively reports the benchmark's composition and relationship to prior work without expressing the author's evaluation or stance.,36,"Incremental Advancement: The benchmark is primarily an extension of existing tool-use benchmarks, adding goal shift and persona dimensions.",,objective,qwen3:14b,True
subjective,0.95,"The sentence states a factual limitation ('experiments only conducted on CIFAR-10 with ResNet-18') but evaluates it as a weakness ('lacking evidence of generality'). The phrase 'lacking evidence of generality' reflects the reviewer's judgment about the study's scope, which is an evaluative stance rather than a verifiable fact. The combination of factual description and evaluative language makes the overall statement subjective.","The sentence expresses an evaluative judgment about the experiments' limited scope, making it subjective.",37,"Experiments only conducted on CIFAR-10 with ResNet-18, lacking evidence of generality across more datasets and models.",,objective,qwen3:14b,False
objective,0.95,"The sentence states a factual claim about the authors' actions (or inaction) regarding code sharing. It uses neutral language without evaluative terms, hedging, or opinion markers. The statement can be verified by checking whether code is shared or promised to be shared, making it an objective observation.","The sentence reports a verifiable fact about the authors' failure to share code, without expressing the reviewer's personal opinion or evaluation.",38,The authors do not share (or promise to share) code for reproducing the experiments.,,objective,qwen3:14b,True
objective,0.95,"The sentence explains a technical relationship between kernel parameters and fairness performance based on the implicit definition of density estimators. Terms like 'could be' indicate a conditional possibility rather than subjective evaluation. The statement describes a generalizable technical effect without expressing personal opinion, belief, or emotional stance.",The sentence objectively describes a technical dependency between kernel properties and fairness performance without subjective evaluation.,39,"Since the kernel implicitly defines a density estimator, the fairness performance could be highly sensitive to kernel type and bandwidth.",,objective,qwen3:14b,True
objective,0.95,"The sentence states a factual omission in the paper's related work section. It mentions a specific concept ('LLM Juries') and its source (Cohere et al.), then reports that this concept was not included as a baseline. These are verifiable claims about the paper's content, without evaluative language, hedging, or explicit opinion markers. The statement is neutral in tone and focuses on describing what is (or is not) present in the work being reviewed.",The sentence objectively reports an absence in the paper's related work without expressing judgment or subjective evaluation.,40,"The related work mentions the concept of “LLM Juries” by Cohere et al., but it is not included as a baseline.",,objective,qwen3:14b,True
subjective,0.95,"The sentence evaluates the framework's design by stating it 'does not analyze or mitigate potential knowledge redundancy between experts.' This is a critical judgment about the framework's shortcomings, which reflects the reviewer's opinion on its effectiveness. While the first part ('decomposes evaluation into 42 dimensions') is descriptive, the second part introduces an evaluative claim about the framework's failure to address a potential issue, making the overall statement subjective.","The sentence expresses a critical evaluation of the framework's design, classifying it as subjective.",41,"The framework decomposes evaluation into 42 dimensions and assigns dedicated experts to each, but it does not analyze or mitigate potential knowledge redundancy between experts.",,objective,qwen3:14b,False
objective,0.95,"The sentence describes specific methodological omissions in the ablation study (e.g., 'no ablation of the Scenario Classifier' or 'removing either the General Judge or Critic Judge alone'). These are factual observations about what was not implemented in the research, without evaluative language, personal opinions, or hedging. The focus is on verifiable aspects of the methodology rather than the author's subjective judgment.",The statement objectively reports missing experimental components in the ablation study without expressing personal evaluation or opinion.,42,"Key components are not ablated individually: The Jury Panel’s ablation only removes the entire panel, without testing the impact of removing either the General Judge or Critic Judge alone; there is no ablation of the Scenario Classifier or specific evaluation dimensions to verify their necessity.",,objective,qwen3:14b,True
objective,0.95,"The sentence reports a factual discrepancy between the abstract's claim and the actual content of the paper/supplementary materials. It uses verifiable statements ('no link or preview is provided') without evaluative language, hedging, or explicit opinion markers. The focus is on observable absence of information rather than subjective judgment.",The statement describes a verifiable factual inconsistency without expressing the author's personal evaluation or opinion.,43,"The abstract states that “the metric and dataset are available for download,” but no link or preview is provided in either the paper or the supplementary materials.",,objective,qwen3:14b,True
objective,0.95,"The sentence reports specific numerical claims ('23% slower inference', 'quadratic scaling') that are verifiable facts about the authors' own findings. The phrasing 'the authors acknowledge' frames this as a factual statement about what the authors have reported, without expressing the reviewer's own opinion or evaluation.",The sentence objectively states verifiable claims made by the authors without incorporating the reviewer's subjective judgment.,44,The authors acknowledge 23\% slower inference and quadratic scaling in contrastive components.,,objective,qwen3:14b,True
objective,0.95,"The sentence describes an observed relationship between memory size and task performance using technical terminology ('monotonic'). It states a factual claim about the data without evaluative language, hedging, or explicit author stance. The use of 'improvement' here likely refers to measurable outcomes (e.g., performance metrics) rather than subjective interpretation.","The statement reports an empirical observation about the non-monotonic relationship between memory size and task performance, which is a verifiable fact rather than an opinion.",45,The improvement with memory size (M) is not monotonic across tasks.,,objective,qwen3:14b,True
objective,0.95,"The sentence states a verifiable fact about the paper's content (symbols not being formally defined). It does not include evaluative language, personal opinions, or hedging. The claim can be objectively confirmed by checking whether the symbols are defined in the paper.",The statement reports a factual absence of definitions in the paper without expressing subjective judgment.,46,"The paper uses symbols such as $Q_\omega$ or $\pi$, which are never formally defined.",,objective,qwen3:14b,True
objective,0.95,"The sentence reports a numerical calculation based on explicit data from the text ('two paraphrases per training commit, yielding ~4,800 examples') and logically infers the breakdown (1,600 originals + 3,200 paraphrases). There is no evaluative language, hedging, or opinion expression—only a factual interpretation of numbers.",The statement is objective as it presents a verifiable mathematical inference from explicitly stated numerical data without expressing the author's stance or opinion.,47,"The text states “two paraphrases per training commit, yielding ~4,800 examples,” which suggests 1,600 originals + 3,200 paraphrases.",,objective,qwen3:14b,True
subjective,0.85,"The sentence evaluates the capabilities of T-GCN and GC-LSTM by stating they are 'limited to capturing only short-term temporal graph features.' This uses evaluative language ('limited') and reflects the reviewer's judgment about the models' shortcomings. While phrased as a factual claim, the absence of verifiable evidence (e.g., citations or data) and the context of a peer review's weaknesses section suggest it expresses the reviewer's opinion rather than an objective fact.","The statement reflects the reviewer's evaluation of the models' limitations, making it subjective.",48,"4)	In line 127, it is stated that T-GCN and GC-LSTM are limited to capturing only short-term temporal graph features.",,objective,qwen3:14b,False
objective,0.95,"The sentence states a factual absence of experimental evidence ('no experiment showing...') without using evaluative language or expressing the author's opinion. It describes a verifiable gap in the paper's methodology, which aligns with objective reporting.",The statement objectively reports the lack of specific experimental evidence without expressing subjective judgment or evaluation.,49,"For example, there is no experiment showing the effect of misalignment when the input image is not properly aligned with the geometry.",,objective,qwen3:14b,True
subjective,0.85,"The sentence points out an omission in the figures, which is a judgment about the adequacy of the paper's presentation. While it states a factual absence (figures not showing variance), the context of a peer review's 'weaknesses' section implies an evaluation of the paper's quality. The phrasing 'do not show' frames the absence as a shortcoming, aligning with subjective evaluative language (e.g., 'fails to') from the definitions.","The sentence evaluates the figures' inadequacy in presenting variance, reflecting the reviewer's judgment rather than a purely verifiable fact.",50,The figures in the experimental results do not show the variance of reported metrics across independent runs.,,objective,qwen3:14b,False
subjective,0.95,"The sentence contains explicit evaluative language ('promising') and expresses the reviewer's personal stance ('I don't see that the experiments support...'). The use of first-person perspective ('My main concern') and hedging ('while the work is promising') further indicates subjectivity. While it mentions experiments and conclusions, these are framed through the reviewer's judgment rather than presenting verifiable facts.","The sentence expresses the reviewer's personal evaluation and concerns about the experiments' adequacy, making it subjective.",51,"My main concern is, while the work is promising, I don't see that the experiments support the main conclusions that authors draw.",promising,subjective,qwen3:14b,True
subjective,0.95,"The sentence contains evaluative language such as 'interesting' and 'weak issues,' which reflect the reviewer's personal judgment. The phrase 'there are several weak issues' is an opinion about the manuscript's quality rather than a verifiable fact. The mention of 'Clarity' as a weakness is a subjective critique, not an objective observation.",The sentence expresses the reviewer's evaluative opinions about the manuscript's strengths and weaknesses using subjective language.,52,"Although the intuition behind character-ID information is interesting, there are several weak issues in this manuscript.  1/ Clarity.",interesting,subjective,qwen3:14b,True
subjective,0.95,"The sentence uses evaluative language ('overly simplistic', 'lacks rigor') to critique the paper's definition. These terms reflect the reviewer's judgment rather than verifiable facts. There are no numerical claims, methodological descriptions, or citations that would make this objective.","The sentence expresses an opinion about the quality of the definition using evaluative language, making it subjective.",53,1 The definition of hallucinations in this paper is overly simplistic and lacks rigor.,simplistic | lacks,subjective,qwen3:14b,True
subjective,0.95,"The sentence contains evaluative language ('should', 'insufficient') and expresses an opinion about the paper's shortcomings. It frames the authors' work as lacking in comparison to other frameworks, which reflects the reviewer's judgment rather than stating verifiable facts. The use of 'why a bespoke system was necessary' also implies an evaluation of the authors' design choices.",The statement expresses the reviewer's opinion about the paper's inadequacies and makes evaluative claims about the framework's comparison to others.,54,"The authors should, for instance, discuss how their framework compares to general-purpose multi-agent frameworks like AutoGen or CrewAI, and why a bespoke system was necessary. - Insufficient comparison to recent agentic frameworks.",Insufficient,subjective,qwen3:14b,True
subjective,0.95,"The sentence begins with 'I think', a clear indicator of personal opinion. The phrase 'you really need' expresses an evaluative judgment about what the paper should include. The suggestion of adding an algorithm/figure to 'place all the pieces together' reflects the reviewer's assessment of the paper's current shortcomings, which is a subjective evaluation rather than a verifiable fact.",The use of first-person opinion markers and evaluative language clearly identifies this as a subjective statement about the paper's weaknesses.,55,I think you really need an algorithm or a figure that places all the pieces together so that one can understand how they relate to each other [1] Cross-environment Cooperation Enables Zero-shot Multi-agent Coordination,I think,subjective,qwen3:14b,True
subjective,0.85,"The sentence contains hedging language ('it seems like') and evaluative phrasing ('would be the real baseline'), which indicate the author's judgment about the baseline's adequacy. While it mentions specific technical methods (LoRA/adapters), the framing of the statement as a critique of the baseline's approach introduces the author's opinion rather than stating verifiable facts.",The use of hedging and evaluative language reflects the author's subjective assessment of the baseline's methodology.,56,"In addition, it seems like the baseline fine-tuning does not employ standard parameter‑efficient fine‑tuning methods inside the BFM (e.g., LoRA/adapters), which would be the real baseline when talking about efficiency.",it seems,subjective,qwen3:14b,True
subjective,0.85,"The sentence uses evaluative language ('not clearly defined') to express the reviewer's judgment about the paper's clarity on specific concepts. While it references aspects of the paper (environment structure, reward horizon, credit assignment), the phrasing reflects the reviewer's perception of inadequacy rather than stating verifiable facts. This aligns with the definition of subjective statements, which include evaluations and opinions about the quality or clarity of work.","The use of 'not clearly defined' reflects the reviewer's evaluation of the paper's clarity, making this a subjective statement.",57,"The environment structure, reward horizon, and credit assignment in MARL are not clearly defined.",not clearly,subjective,qwen3:14b,True
subjective,0.95,"The sentence evaluates the paper's shortcomings by stating it 'lacks comparison to several relevant methods,' which is an opinion about the paper's completeness. While it mentions specific methods (MaterialMVP) and their features (objective facts), the core claim about the paper's omission is a judgment. The use of 'lacks' reflects the reviewer's evaluation, making the statement subjective.","The sentence expresses a critical evaluation of the paper's methodology, making it subjective despite mentioning factual details about other methods.",58,"The paper lacks comparison to several relevant methods, such as MaterialMVP (ICCV 2025), which also supports image as the condition and generates the object material.",lacks | relevant,subjective,qwen3:14b,True
subjective,0.95,The sentence contains explicit personal opinion markers ('I think') and evaluative language ('particularly interesting'). The author expresses a preference for an alternative approach ('as opposed to just the pivot languages') based on their own judgment rather than presenting verifiable facts. The reasoning provided ('because the model is explicitly trained on those anyway') reflects the author's interpretation rather than objective evidence.,"The sentence clearly expresses the author's personal opinion and evaluation of what would be 'interesting' to see, making it subjective.",59,I think this would be particularly interesting to see as opposed to just the pivot languages because the model is explicitly trained on those anyway.,I think | interesting,subjective,qwen3:14b,True
subjective,0.95,"The sentence contains explicit expressions of personal preference ('I'd much prefer') and evaluative judgment ('weakens the argument'), both of which are hallmarks of subjectivity. The use of 'I think' directly signals the author's opinion rather than objective fact. There are no verifiable claims or neutral descriptions of methods/results.","The sentence expresses clear personal opinions and evaluative judgments about the evaluation rigor and LLM's role, making it subjective.",60,I'd much prefer if the evals were as rigorous as possible and i think LLM as a judge weakens the argument,I'd much prefer ,subjective,qwen3:14b,True
subjective,0.95,"The sentence contains explicit personal opinion ('I'm not a great fan') and evaluative language ('not a great fan'), which directly express the author's stance. The use of first-person pronouns ('I') and value-laden terms indicate subjectivity rather than objective fact-reporting.","The sentence expresses the author's personal opinion about the LLM's suitability as a judge, making it clearly subjective.",61,"At the same time, I'm not a great fan of the LLM as a judge evaluation of the agents",I'm not a,subjective,qwen3:14b,True
subjective,0.95,"The sentence uses evaluative language ('not interesting') to express a personal judgment about the work. There are no verifiable facts, methodological descriptions, or neutral observations. The phrasing directly conveys the reviewer's opinion without hedging or framing as a claim.","The sentence expresses a clear evaluative opinion about the work's quality, which is inherently subjective.",62,This is not interesting.,interesting,subjective,qwen3:14b,True
subjective,0.95,"The sentence contains evaluative language ('should be included', 'more convincing empirical validation') which reflects the reviewer's judgment about the paper's adequacy. While it mentions specific baselines (objective terms), the phrasing frames these as recommendations for improvement, expressing an opinion rather than stating verifiable facts.",The use of evaluative language and recommendations indicates a subjective stance on what constitutes sufficient empirical validation.,63,"Additional privacy-related baselines, such as approaches based on secure inference, differential privacy, should be included for a more convincing empirical validation. 3.",should be,subjective,qwen3:14b,True
subjective,0.95,"The sentence uses evaluative language ('unclear') and a hedge ('really') to express the reviewer's opinion about the paper's clarity. It does not present verifiable facts or neutral descriptions, but rather conveys the author's judgment about the work's quality.",The statement expresses an evaluative opinion about the paper's clarity using subjective language.,64,- The paper is really unclear on exactly what and how the probem is being solved.,unclear,subjective,qwen3:14b,True
subjective,0.95,"The sentence contains explicit hedging ('I think', 'unclear to me') and evaluative language ('would be useful', 'should be trusted'). The author expresses personal uncertainty about the mapping between experimental quantities and theoretical notation, and questions the reliability of results without presenting verifiable facts. The phrasing reflects the reviewer's personal perspective rather than objective reporting.","The use of 'I think' and 'unclear to me' clearly indicates the author's personal stance and uncertainty, making this a subjective evaluation.",65,"More explicitly stating what the measured quantities in the experiments correspond to in terms of the theory and the notation introduced above would be useful here, I think. 	- For example, how do $n$-gram statistic map to jets? - It is unclear to me to what degree the results should be trusted as a truthful representation of the model.",I think | unclear | should be,subjective,qwen3:14b,True
subjective,0.95,"The sentence uses evaluative language ('overclaiming') to judge the title's accuracy, which reflects the reviewer's opinion rather than a verifiable fact. The claim that the title 'is overclaiming' implies a value judgment about its appropriateness, which aligns with subjective expression.","The sentence expresses an evaluative opinion about the title's accuracy, making it subjective.",66,- The title is overclaiming by having “Riemannian Geometry” as the opening clause.,overclaiming,subjective,qwen3:14b,True
subjective,0.95,"The sentence uses evaluative language ('not well-enough motivated') to express the reviewer's judgment about the dataset introduction's adequacy. There is no verifiable fact stated, and the phrasing reflects the author's opinion rather than objective data. The use of 'as it stands' further emphasizes the reviewer's critical stance without providing measurable criteria.","The sentence expresses an evaluative opinion about the dataset introduction's motivation, making it subjective.",67,"As it stands, this dataset introduction is not well-enough motivated.",not well,subjective,qwen3:14b,True
subjective,0.95,"The phrase 'thin' is a vague, evaluative descriptor that reflects the reviewer's judgment about the lack of distinction between the paper's positioning/novelty and existing baselines. This is not a verifiable fact but an opinion about the perceived weakness. The sentence frames the comparison as insufficient without providing objective metrics or evidence.",The use of 'thin' as a qualitative judgment about the novelty's distinction from baselines makes this a subjective evaluation.,68,Positioning/novelty vs. close baselines is thin.,novelty,subjective,qwen3:14b,True
subjective,0.95,"The sentence uses evaluative language ('proper') and prescriptive phrasing ('should have been conducted'), indicating the reviewer's judgment about the methodology rather than stating verifiable facts. The statement reflects an opinion on what the authors ought to have done, which aligns with subjective critique.","The sentence expresses an evaluative opinion about the methodology, using prescriptive language that reflects the reviewer's judgment rather than objective facts.",69,A proper grid search for the best learning rate should have been conducted.,should have,subjective,qwen3:14b,True
subjective,0.95,"The sentence contains evaluative language ('lucky', 'unintentional cherry-picking') and expresses uncertainty ('it is unclear'), which are hallmarks of subjective opinion. The author is not reporting verifiable facts but rather speculating about potential causes of the results, using hedging ('whether... are not the consequence') and judgmental terms.","The sentence expresses the reviewer's uncertainty and judgment about the methodology, making it subjective.",70,"Indeed, as it stands, it is unclear whether, for instance, the current results are not the consequence of a lucky, unintentional cherry-picking of the right (default) random seed.",unclear,subjective,qwen3:14b,True
subjective,0.9,"The sentence contains evaluative language such as 'unclear', 'narrower', and 'lacks', which express the reviewer's judgment about the benchmark's representativeness and the toolkit's limitations. While some factual descriptions (e.g., 'focuses on perception and spatial-relation operators') are present, the overall tone is evaluative, emphasizing shortcomings ('implying that the absence of certain tools is a weakness). The use of 'generalizable' and 'common in broader workflows' further reflects the reviewer's opinion on the benchmark's adequacy.","The sentence expresses the reviewer's judgment about the benchmark's limitations and the toolkit's scope, using evaluative language that reflects subjective opinion.",71,"Without geographic context, it is unclear how representative or generalizable the benchmark is. **Tools are narrower.** The toolkit focuses on perception and spatial-relation operators (buffer, overlap, containment) but lacks temporal/change and code-based tools that are common in broader geospatial reasoning workflows.",unclear | lacks,subjective,qwen3:14b,True
subjective,0.95,"The sentence contains evaluative language ('should include') and expresses the reviewer's opinion about what the paper ought to do. The phrase 'it seems' indicates a personal judgment, and the recommendation is framed as a suggestion rather than a verifiable fact. While specific algorithm names are mentioned, the overall statement reflects the reviewer's stance rather than objective reporting.","The sentence expresses the reviewer's opinion about necessary improvements to the paper, using evaluative language and hedging, making it subjective.",72,"Although I am not deeply familiar with the specific two-point ZO estimation paradigm, it seems that the paper should include comparisons with more advanced accelerated or variance-reduced zeroth-order optimizers—for example, algorithms that incorporate momentum, adaptive smoothing, or gradient-tracking techniques.",it seems  | should include,subjective,qwen3:14b,True
objective,0.95,"The sentence identifies specific omissions in the paper's methodology (e.g., 'perturbations', 'robustness') that are factual and verifiable. While it uses evaluative language ('does not clearly define'), the core content refers to missing definitional elements that should be present in academic work. The critique focuses on the paper's failure to meet standard methodological expectations, which is an objective assessment of its completeness rather than a subjective opinion.","The sentence objectively highlights missing definitional elements in the paper's methodology, which are verifiable and not based on personal judgment.",73,"The paper does not clearly define the adversarial setting for code generation—what kinds of perturbations are used, how they are measured, and what “robustness” precisely means.",not clearly,subjective,qwen3:14b,False
subjective,0.95,"The sentence uses evaluative language ('not very clear', 'would have been beneficial') and expresses the reviewer's perception of the ablations' purpose. The phrasing implies judgment about the clarity and potential value of the ablations, which are subjective assessments rather than verifiable facts.","The statement reflects the reviewer's opinion on the clarity and usefulness of the ablations, making it subjective.",74,"It was not very clear what the ablations where trying to accomplish sometimes, would have been beneficial.",very clear,subjective,qwen3:14b,True
subjective,0.95,"The sentence evaluates the framework’s practicality in resource-constrained environments based on the omission of cost analysis. While the first clause states a general fact about MoE architectures, the second clause introduces the reviewer’s judgment ('makes it hard to assess') and opinion about the framework’s adequacy, which is subjective.","The statement expresses an evaluative opinion about the framework’s practicality, making it subjective.",75,"Given that MoE architectures typically incur higher memory or latency costs due to expert activation, this omission makes it hard to assess the framework’s practicality in resource-constrained environments.",hard to assess,subjective,qwen3:14b,True
subjective,0.95,"The sentence contains evaluative language ('poor presentation', 'extremely difficult') that reflects the reviewer's judgment about the work's quality. The phrase 'makes it difficult to evaluate' expresses a subjective opinion about the impact of the presentation on assessment, rather than stating verifiable facts.",The use of evaluative terms like 'poor' and 'extremely difficult' indicates the reviewer's subjective assessment of the paper's presentation and its effect on evaluation.,76,The poor presentation makes it extremely difficult to evaluate the technical soundness and novelty of the contributions. 1.,difficult to evaluate | novelty,subjective,qwen3:14b,True
subjective,0.95,"The sentence uses evaluative language ('questionable') to express doubt about the tests' power and reliability. This reflects the reviewer's judgment rather than presenting verifiable facts. While 'power' and 'reliability' are technical terms, their characterization as 'questionable' introduces the reviewer's opinion, making the statement subjective.","The use of 'questionable' directly conveys the reviewer's evaluation, classifying the statement as subjective.",77,The power of these tests and their reliability for clinical interpretation are questionable. 4.,questionable,subjective,qwen3:14b,True
subjective,0.95,"The sentence contains evaluative language such as 'fails to reveal' (explicit criticism) and 'marginal benefit'/'huge boost' (comparative judgments). While it references a table (objective data source), the interpretation of results uses subjective adjectives. The first clause directly criticizes the paper's content, which is a clear opinion rather than a verifiable fact.",The sentence expresses the reviewer's evaluation of the paper's shortcomings and the significance of experimental results using subjective language.,78,"The paper fails to reveal the state of the art on this task. - The ablation study (Table 7) shows that training on Triple-S or MultiChat alone gives marginal benefit, but training on both provides a huge boost.",fails to,subjective,qwen3:14b,True
subjective,0.95,"The sentence contains first-person expression ('I would like') indicating the reviewer's personal preference. The phrasing 'could align' suggests a desired action rather than stating an objective fact. The use of 'diffrent' (likely a typo for 'different') does not change the subjective nature of the statement, which reflects the reviewer's opinion about the paper's potential improvements.","The sentence expresses the reviewer's personal desire for the author to take a specific action, making it subjective.",79,"If like that, I would like to see the author could align diffrent high dimensional observations.",would like to see,subjective,qwen3:14b,True
subjective,0.95,"The sentence contains evaluative language ('promising', 'limited') and hedging ('somewhat'), which reflect the reviewer's judgment rather than verifiable facts. The phrase 'appears' further indicates the author's perception rather than an objective statement.",The use of evaluative terms and hedging clearly expresses the reviewer's opinion about the experimental evaluation's scope.,80,"The experimental evaluation, while promising, appears somewhat limited in scope.",promising | somewhat limited,subjective,qwen3:14b,True
subjective,0.95,"The sentence contains evaluative language ('insufficient') and points out a perceived limitation ('absent') in the paper's approach. While 'absent' could be factual, the overall statement reflects the reviewer's judgment about the method's adequacy, which aligns with subjective critique.",The use of evaluative terms like 'insufficient' and the critique of missing supervision methods indicate the reviewer's opinion rather than verifiable facts.,81,Direct label prediction is insufficient to measure reasoning; CoT or reasoning-path supervision is absent. 3.,insufficient,subjective,qwen3:14b,True
subjective,0.95,"The sentence contains explicit expressions of the author's personal belief ('I believe') and uncertainty ('I do not know'), which are hallmarks of subjectivity. The evaluation of the work as 'lacking' represents an opinion, and the phrasing reflects the author's stance rather than presenting verifiable facts.",The use of first-person belief statements and evaluative language clearly identifies this as a subjective opinion.,82,"As such, I believe the evaluation is lacking, but I do not know if improving it is possible, given that recent datasets cannot easily be trained with the proposed strategy.",I believe,subjective,qwen3:14b,True
subjective,0.95,"The sentence contains evaluative language such as 'very low', 'cannot understand', 'seem arbitrary', and 'lack of insights', which reflect the reviewer's personal judgment and opinion about the paper's weaknesses. These phrases express the author's stance rather than stating verifiable facts. While 'not experimentally verified' is a factual claim, the overall context is evaluative and critical.","The sentence uses opinionated language to critique the paper's analysis and methodology, making it subjective.",83,"Nonetheless, the analysis of the dataset is very low and we cannot understand the impact of each of these tasks; the various design choices for each task, albeit explained, are not experimentally verified and seem arbitrary.  4/ Lack of insights.",we cannot understand,subjective,qwen3:14b,True
subjective,0.85,"The first part of the sentence ('The loss only improved...') presents verifiable numerical data (9/16 cases, <5% improvement), which is objective. However, the second part ('I am not sure...') introduces the reviewer's personal uncertainty and evaluative judgment ('small gains') about the relationship between the results and 'temporality.' The use of hedging ('not sure') and evaluative language ('small gains') reflects the author's subjective stance, making the overall sentence subjective.",The sentence combines objective data with the reviewer's subjective evaluation and uncertainty about the results' significance.,84,"The loss only improved the accuracy over the baseline in 9/16 cases, each improvement being less than 5%. - I am not sure the small gains have anything to do with temporality.",not sure,subjective,qwen3:14b,True
subjective,0.95,"The sentence contains evaluative language ('poor presentation', 'difficult to follow') that expresses a negative judgment about the work's quality. These phrases reflect the reviewer's opinion rather than stating verifiable facts. The absence of objective metrics or specific examples further supports this classification.",The statement uses evaluative language to express the reviewer's opinion about the work's presentation quality.,85,Poor presentation and readability: The overall presentation is difficult to follow.,difficult to follow,subjective,qwen3:14b,True
subjective,0.95,"The sentence contains explicit evaluative language ('a better -and correct- term in my opinion') which directly expresses the reviewer's personal judgment about terminology. While the first part states a factual discrepancy (graphs corresponding to visit times rather than age), the inclusion of the author's opinion ('in my opinion') and evaluative phrasing ('better -and correct-') transforms the statement into a subjective critique. The use of hedging ('in my opinion') and value-laden terms ('better') are clear indicators of subjectivity.","The sentence expresses the reviewer's personal opinion about terminology, making it subjective despite containing factual elements.",86,"For example, the authors describe constructing “age-based” graphs, when in fact each graph corresponds instead to a specific visit time (a better -and correct- term in my opinion would be visit-based graphs).",in my opinion,subjective,qwen3:14b,True
subjective,0.95,"The sentence contains evaluative language ('overly simplistic', 'failing to clearly illustrate') that reflects the reviewer's judgment about the figures' quality. These terms express a critical opinion rather than stating verifiable facts. The phrasing implies a negative evaluation of the framework’s workflow illustration, which is a subjective assessment.",The use of evaluative adjectives and critical phrasing indicates the reviewer's subjective opinion about the figures' effectiveness.,87,"Figures 1 and 2 are overly simplistic, failing to clearly illustrate the framework’s workflow.",simplistic,subjective,qwen3:14b,True
objective,0.85,"The sentence identifies a methodological gap (lack of comparison to ThinkGeo and analysis across modalities) that objectively prevents evaluation of the approach's benefits. While 'hard to assess' might seem subjective, it describes a factual limitation in the study's scope rather than expressing personal judgment. The focus is on verifiable missing elements (comparisons, performance analysis) rather than evaluative language or hedging.","The statement objectively highlights missing methodological components that hinder evaluation, without expressing personal opinions or emotional stances.",88,"Without comparing to ThinkGeo directly or analyzing performance differences across modalities, it's hard to assess the true benefits of the proposed approach.",hard to assess,subjective,qwen3:14b,False
subjective,0.95,"The sentence uses evaluative language ('inadequate') to express a negative judgment about the experimental design and visualization. This reflects the reviewer's opinion rather than stating verifiable facts. There is no mention of specific measurable criteria or objective evidence to support the claim, making it a subjective evaluation.",The use of 'inadequate' as a value-laden adjective indicates a subjective judgment about the work's quality.,89,"Finally, the experimental design and visualization are inadequate.",inadequate,subjective,qwen3:14b,True
subjective,0.95,"The phrase 'questionable' is an evaluative adjective expressing the author's critical stance toward something. It conveys a judgment rather than stating verifiable facts. The sentence lacks objective measurements, methodological descriptions, or neutral reporting, aligning with the definition of subjective language.","The use of 'questionable' directly reflects the author's opinion about the subject, making it a clear example of subjective language.",90,This is questionable.,questionable,subjective,qwen3:14b,True
subjective,0.95,The sentence contains first-person opinion language ('I believe') and makes a definitive claim about the paper's origin without providing verifiable evidence. The use of 'believe' explicitly signals the author's personal judgment rather than objective fact.,The explicit use of 'I believe' and the absence of empirical evidence make this a clear expression of the reviewer's personal opinion.,91,I believe this paper was generated by AI.,I believe,subjective,qwen3:14b,True
subjective,0.95,"The sentence contains explicit evaluative language ('hard to follow', 'disconnected', 'lack of solid contributions') and first-person perspective ('I find'), which directly express the reviewer's personal judgment about the paper's quality. These elements align with the definition of subjective statements that convey opinions and evaluations rather than verifiable facts.",The sentence expresses the reviewer's personal evaluation of the paper's clarity and contributions using subjective language and first-person perspective.,92,I find the paper hard to follow and every part somehow disconnected from the overall goal.  2/ Lack of solid contributions.,I find | hard to follow | Lack,subjective,qwen3:14b,True
subjective,0.95,"The sentence uses evaluative language ('insufficient', 'quite limited') to express the reviewer's judgment about the quality and completeness of the related work section and baselines. These terms reflect the author's opinion rather than verifiable facts. There is no objective measurement or citation provided to support this claim.",The statement contains evaluative language that expresses the reviewer's opinion about the adequacy of the related work section and baselines.,93,"5.The related work section is insufficient, and the baselines listed in the main experiment table are quite limited.",insufficient | quite limited,subjective,qwen3:14b,True
subjective,0.85,"The sentence uses the hedging verb 'seems' to express uncertainty about the paper's omissions. While it critiques the paper's lack of specification, the phrasing implies the reviewer's tentative judgment rather than stating a verifiable fact. The use of 'doesn’t specify' is a direct evaluation of the paper's content, which is framed through the author's perspective rather than objective evidence.","The sentence employs hedging ('seems') and evaluates the paper's content, indicating the reviewer's subjective judgment rather than presenting an objective fact.",94,The paper seems doesn’t specify which layers’ activations are used to compute features or why.,The paper seems,subjective,qwen3:14b,True
subjective,0.95,"The sentence contains evaluative language ('should be moved') which reflects the reviewer's recommendation or opinion. The use of 'should' indicates a value judgment about where the material should be placed, rather than stating a verifiable fact. There is no hedging or factual description of methods/results.","The sentence expresses an evaluative recommendation about where material should be placed, making it subjective.",95,"Therefore, they should be moved from the supplementary material to the main paper.",should be,subjective,qwen3:14b,True
subjective,0.95,"The sentence contains evaluative language ('hard to follow'), personal judgment ('I found'), and emotional hedging ('a bit'). These elements reflect the reviewer's personal experience and opinion about the paper's clarity, rather than stating verifiable facts.","The sentence expresses the reviewer's personal difficulty in understanding the paper's structure, using subjective language and hedging.",96,"- Unfortunately, I found it a bit hard to follow the transition between the empirical results and the theoretical setup.",hard to follow,subjective,qwen3:14b,True
subjective,0.95,"The sentence contains evaluative language ('interesting finding', 'I appreciate') and expresses the reviewer's personal stance toward the paper's claim. While the first part describes a claim made by the paper, the inclusion of the reviewer's appreciation introduces a subjective evaluation. The use of 'I' directly attributes the opinion to the reviewer, aligning with the definition of subjective statements.","The presence of evaluative language ('interesting', 'I appreciate') and the explicit expression of the reviewer's personal stance make this a subjective statement.",97,"The paper proposes an interesting finding: decoder-only language models exhibit weaker logical reasoning abilities compared to fine-tuned encoder and encoder-decoder models, which I appreciate.",The paper proposes | interesting,subjective,qwen3:14b,True
subjective,0.95,"The sentence contains the explicit hedge 'I think,' which directly signals the author's personal opinion. The phrase 'weakness' is evaluative, and the entire statement frames the author's judgment about the writing quality rather than presenting verifiable facts. The use of 'apparent' further softens the claim, reinforcing subjectivity.",The inclusion of 'I think' and evaluative language ('weakness') clearly identifies this as a subjective opinion rather than an objective fact.,98,"The first apparent weakness, I think, lies in the writing.",I think,subjective,qwen3:14b,True
subjective,0.95,The sentence contains explicit expressions of the reviewer's personal belief ('I believe') and evaluative judgment ('should generally undergo a major revision'). These phrases reflect the author's opinion rather than verifiable facts. The use of hedging ('generally') and the absence of objective evidence or data further reinforce the subjective nature of the statement.,"The sentence expresses the reviewer's personal belief and evaluative judgment about the work's need for revision, making it subjective.",99,I don't have specific improvement suggestions for this work because I believe it should generally undergo a major revision in order to be accepted to this conference.,I believe,subjective,qwen3:14b,True
subjective,0.95,The sentence contains explicit hedging ('I am not sure') and expresses the author's uncertainty about whether LLM systems meet certain conditions. This reflects the author's personal stance rather than stating verifiable facts. The use of 'typical' also introduces subjectivity by implying a generalization not grounded in specific evidence.,"The sentence expresses the reviewer's uncertainty through hedging language, making it subjective.",100,I am not sure whether typical LLM self-play systems used in practice satisfy these conditions. 2.,not sure,subjective,qwen3:14b,True
