label,confidence,reasoning,explanation,idx,sentence,matched_markers,paper_title,reviewer,ground_truth,model,correct
subjective,1.0,"The sentence critiques the paper's structure by pointing out specific flaws (symbols not defined, sets not introduced), which reflects the author's evaluation of the paper's quality and methodology. The language is critical and indicates an opinion about the paper's shortcomings.","The reviewer is expressing an opinion about the paper's weaknesses, which is subjective.",1,"Some key symbols (e.g., $J^t$) are used before being defined, and sets $N$ and $M$ are not introduced at all.",,Reframing attention as a reinforcement learning problem for causal discovery,ICLR.cc/2026/Conference/Submission25201/Reviewer_c1aN,objective,qwen3:1.7b,False
objective,0.95,"The sentence refers to established literature and a verifiable statistical fact (1/64 chance of alignment), without expressing personal opinions or evaluations. It describes a known phenomenon and its probability, aligning with objective criteria.","The sentence presents factual information about existing research and a measurable statistical probability, making it objective.",2,"Prior literature has extensively documented this phenomenon, and it's recognized that even random copy-move operations have a 1/64 chance of aligning with grid boundaries.",,THE JPEG BLIND SPOT: EXPOSING A CRITICAL VULNERABILITY IN DOCUMENT TAMPERING DETECTION,ICLR.cc/2026/Conference/Submission25466/Reviewer_Ap6R,objective,qwen3:1.7b,True
subjective,0.8,"The sentence critiques the clarity of Theorems 2.5 and 2.8, which is an evaluative judgment. The first part about error feedback being 'typically useful' is a general technical statement, but the main focus is on the critique of the theorems' ability to clarify convergence, indicating an author's stance.","The sentence expresses a critical evaluation of the theorems' clarity, which is subjective.",3,"Error feedback is typically useful for biased but contractive compressors, but Theorems 2.5 and 2.8 do not clarify whether it improves convergence for extragradient DIANA.",,DIANA with Compression for Distributed Variational Inequalities: Eliminating the Need to Transmit Full Gradients,ICLR.cc/2026/Conference/Submission25336/Reviewer_DATd,objective,qwen3:1.7b,False
objective,0.95,"The sentence states a factual claim about the content of the paper (only high-level summaries were provided, no implementation details, etc.), which is verifiable and objective. The use of 'only' does not alter its factual nature, as it describes the paper's content without expressing an evaluative or subjective stance.","The sentence reports a factual limitation of the paper's content, making it objective.",4,"Only high-level summaries are given—no implementation details, hyperparameters, or reproducibility discussion.",,Curricular Adversarial Training for Robust Code Generation via Hierarchical Reinforcement Learning,ICLR.cc/2026/Conference/Submission25575/Reviewer_TNBK,objective,qwen3:1.7b,True
objective,0.99,"The sentence states a factual claim about the paper's lack of description regarding the dataset selection process. It does not express an opinion, evaluation, or emotional stance, nor does it involve hedging or author-claim framing. The content is a verifiable fact about the paper's methodology.","The sentence is a factual statement about the paper's content, not an opinion or evaluation.",5,The dataset selection process is not described.,,On the (In)Significance of Feature Selection in High-Dimensional Datasets,ICLR.cc/2026/Conference/Submission25529/Reviewer_49XN,objective,qwen3:1.7b,True
subjective,0.95,"The sentence critiques the lack of justification for choosing 42 evaluation dimensions, using evaluative terms like 'no justification' and 'lacking a basis,' which indicate an opinion or critique rather than a verifiable fact. It does not report results or describe methods objectively.","The reviewer is expressing a personal judgment about the methodology's lack of support, which is subjective.",6,"No justification is provided for defining exactly 42 evaluation dimensions in Section 3.2, lacking a basis for this specific number.",,D-MOE-EVAL: A Dynamic Mixture Of Experts Framework For Human-Aligned Nuanced Large Language Model Evaluation,ICLR.cc/2026/Conference/Submission25569/Reviewer_ZMSh,objective,qwen3:1.7b,False
objective,0.95,"The sentence states a factual claim about the absence of ablation studies for specific parameters, without expressing personal opinions, evaluations, or hedging. It is a straightforward assertion of methodology, aligning with objective criteria.","The sentence reports a verifiable fact about the study's methodology, not an author's subjective evaluation or opinion.",7,"There's no ablation for particle‑per‑cell, interior/surface ratios, or grid resolution.",,Fracture-GS: Dynamic Fracture Simulation with Physics-Integrated Gaussian Splatting,ICLR.cc/2026/Conference/Submission25504/Reviewer_og4k,objective,qwen3:1.7b,True
objective,0.95,"The sentence reports factual limitations of the paper's assumptions (e.g., 'reasonably accurate PRMs', 'execution sandboxes') and notes potential performance issues without expressing personal judgment or evaluation. The 'notes' clause indicates a factual observation about the paper's methodology, not an author's stance.","The sentence objectively states the paper's assumptions and their potential drawbacks, without subjective evaluation or hedging.",8,"The approach assumes access to reasonably accurate PRMs, execution sandboxes, and consistency sampling; the paper notes performance can drop when PRM accuracy is low or process signals are unreliable.",,Listwise Generalized Preference Optimization with Process-aware Signals for LLM Reasoning,ICLR.cc/2026/Conference/Submission25060/Reviewer_ErQE,objective,qwen3:1.7b,True
objective,0.99,"The sentence asks for definitions of technical terms ('corridor constant') and clarifies concepts ('explicit and falsifiable'), which are factual and methodological in nature. It does not express personal opinion or evaluation, nor does it state verifiable claims.","The review is requesting clarification on terminology, which is a standard objective task in academic discourse.",9,"What is a corridor constant, and what does it mean to be explicit and falsifiable?",,Not All Who Wander Are Lost: Hallucinations as Neutral Dynamics in Residual Transformers,ICLR.cc/2026/Conference/Submission25471/Reviewer_ZZth,objective,qwen3:1.7b,True
subjective,0.95,"The sentence critiques the paper's lack of detail in Section 3.3, using evaluative language like 'critical' and 'provides no detailed information.' The author's stance is implied through the contrast between the importance of components and the absence of specific design details.",The sentence expresses an opinion about the paper's content and methodology.,10,"Core components like the Scenario Classifier and Expert Router are critical to the framework, but Section 3.3 provides no detailed information about their design (e.g., model architecture of the classifier, routing logic of the router).",,D-MOE-EVAL: A Dynamic Mixture Of Experts Framework For Human-Aligned Nuanced Large Language Model Evaluation,ICLR.cc/2026/Conference/Submission25569/Reviewer_ZMSh,objective,qwen3:1.7b,False
objective,0.95,"The sentence presents a factual statement about the scope of the model's analysis, describing technical limitations without expressing personal opinions or evaluations. It reports a specific technical detail about the model's structure, which is objective in nature.","The reviewer is objectively stating that the model does not include finer structural details, which is a technical limitation rather than an evaluative judgment.",11,"Additionally, the modelling is only done at the level of brain regions and more fine-grained structures (for instance, the layers of visual cortex) are not modelled.",,MouseDTB: A Mouse Digital Twin Brain at Single-neuron Resolution,ICLR.cc/2026/Conference/Submission25506/Reviewer_RNXD,objective,qwen3:1.7b,True
objective,0.95,"The sentence states a factual claim about the absence of specific statistical methods in the study's reporting, which is a standard methodological requirement. It does not express an opinion or evaluation, making it objective.","The sentence reports a methodological detail without subjective judgment, aligning with objective criteria.",12,No variance estimates or statistical significance tests are reported.,,Riemannian Geometry: Speech Detection from MEG Brain Signals Towards Non-Invasive BCI,ICLR.cc/2026/Conference/Submission25560/Reviewer_p8bK,objective,qwen3:1.7b,True
objective,0.95,"The sentence presents a technical requirement about the system's mechanism without expressing personal opinions, evaluations, or emotional stances. It describes a factual specification of how CABA operates.",The sentence is an objective statement describing a technical requirement without subjective elements.,13,CABA requires all malicious clients to submit their updates simultaneously each round to sustain the emergent backdoor.,,CABA: A Collusive Aggregation-Emergent Backdoor Attack in Federated Learning,ICLR.cc/2026/Conference/Submission25274/Reviewer_cswz,objective,qwen3:1.7b,True
objective,0.95,"The sentence presents a factual comparison between the method and heuristic-based initialization methods using the evaluative term 'outperforms,' which is a standard academic statement of performance. The subject is neutral and lacks hedging or emotional language.",The sentence objectively states a factual comparison between methods without expressing the author's personal opinion or evaluation.,14,This method also outperforms heuristic-based initialization methods in their evaluations.,,Model-Aware Tokenizer Transfer,ICLR.cc/2026/Conference/Submission24994/Reviewer_emKC,objective,qwen3:1.7b,True
subjective,0.95,"The sentence critiques the absence of specific works (Expel[1], MSI-Agent[2], SelfGoal[3]) in the review, implying an evaluation of the paper's completeness. The use of 'lack of introducing' and the mention of specific works suggest an opinion about the paper's coverage, which is subjective.","The reviewer is expressing an opinion about the paper's omission of certain works, indicating a subjective assessment.",15,"Lack of introducing the insight-based memory work, like Expel[1], MSI-Agent[2] and SelfGoal[3].",,Improving Language Agents through BREW: Bootstrapping expeRientially-learned Environmental knoWledge,ICLR.cc/2026/Conference/Submission25161/Reviewer_Ffym,objective,qwen3:1.7b,False
subjective,0.95,"The sentence expresses an evaluation of the paper's description of the fusion mechanism, using terms like 'not described in sufficient detail' which indicate an opinion or critique. It does not state verifiable facts or methodological details, aligning with subjective analysis.","The reviewer is commenting on the adequacy of the description, which is an evaluative judgment rather than a factual statement.",16,The fusion mechanism of the proposed metric between the aesthetic and artifact branches is not described in sufficient detail.,,hDRIVE: HDR Image Visual Evaluation Metric for SDR to HDR Upconversion Quality Assessment,ICLR.cc/2026/Conference/Submission25592/Reviewer_TUpE,objective,qwen3:1.7b,False
objective,1.0,"The sentence presents a verifiable fact about the training process of GANs and the potential risks associated with insufficient diversity. It does not include subjective language, hedging, or emotional stances.","The sentence is a factual statement about the requirements and risks in GAN training, making it objective.",17,"Training a GAN typically requires thousands of diverse samples; otherwise, the model risks overfitting or mode collapse.",,Warfare: Breaking the Watermark Protection of AI-Generated Content,ICLR.cc/2026/Conference/Submission25085/Reviewer_6gnC,objective,qwen3:1.7b,True
objective,0.99,"The sentence presents factual observations about metric trends without expressing personal opinions or evaluations. Terms like 'diminishes' and 'increases' are objective descriptions of numerical data, and the use of 'observe' indicates reporting findings rather than subjective judgment.",The sentence objectively reports observed trends in metrics without incorporating author opinions or evaluations.,18,"The authors observe that Pass@1 diminishes with length increase, while Pass@32 generally increases.",,DeepCompress: A Dual Reward Strategy for Dynamically Exploring and Compressing Reasoning Chains,ICLR.cc/2026/Conference/Submission25170/Reviewer_EuSL,objective,qwen3:1.7b,True
objective,0.99,"The sentence presents a general factual statement about evaluation criteria for different writing tasks. It uses neutral language ('require') and does not include subjective terms, hedging, or emotional stances. The structure is objective as it describes a standard or rule without personal opinion.",The sentence states a factual claim about evaluation criteria for different writing tasks without expressing the author's personal opinion or evaluation.,19,"For example, in creative writing tasks, essay and script require different evaluation criteria.",,D-MOE-EVAL: A Dynamic Mixture Of Experts Framework For Human-Aligned Nuanced Large Language Model Evaluation,ICLR.cc/2026/Conference/Submission25569/Reviewer_ErC3,objective,qwen3:1.7b,True
objective,1.0,"The sentence states a factual observation about missing details in the paper's content, without expressing personal opinions, evaluations, or emotional stances. It is a straightforward assertion of a lack of information.","The reviewer is pointing out a factual gap in the paper's details, which is an objective statement.",20,"However, the details about the training and evaluation datasets, training configuration, and the exact model type (e.g., the LLM backbones) are missing.",,HiDivDrop: Vision Token Reduction in MLLMs via Late Injection and Differentiable Top-K,ICLR.cc/2026/Conference/Submission25145/Reviewer_gcbi,objective,qwen3:1.7b,True
subjective,0.9,"The sentence presents an evaluative judgment about the paper's approach, using terms like 'lacks' and 'diversity of evaluation' which indicate a subjective critique. The author's stance is implied through the critique of the paper's focus, making it a clear example of subjective analysis.","The reviewer is expressing an opinion about the paper's methodology, which is subjective.",21,"(iii) The paper considers only English-to-target machine translation as a generation task, which lacks the diversity of evaluation.",,Model-Aware Tokenizer Transfer,ICLR.cc/2026/Conference/Submission24994/Reviewer_GENk,objective,qwen3:1.7b,False
objective,0.95,The sentence describes a methodological detail (joint trigger tuning process) without expressing personal opinion or evaluation. It is a factual statement about the implementation of a trigger in the work.,The sentence objectively states a procedural detail without subjective judgment.,22,The trigger in this work is designed within the joint trigger tuning process.,,CABA: A Collusive Aggregation-Emergent Backdoor Attack in Federated Learning,ICLR.cc/2026/Conference/Submission25274/Reviewer_P4Gf,objective,qwen3:1.7b,True
objective,0.95,"The sentence states a factual claim about the paper's omission of specific forgery methods. It does not include evaluative language, hedging, or emotional stances, and describes a verifiable limitation of the paper's content.","The sentence presents a factual statement about the paper's lack of discussion on certain methods, which is objective.",23,"There is no discussion or demonstration of its extensibility to other prevalent forgery methods, such as splicing or those involving AI-generated content.",,THE JPEG BLIND SPOT: EXPOSING A CRITICAL VULNERABILITY IN DOCUMENT TAMPERING DETECTION,ICLR.cc/2026/Conference/Submission25466/Reviewer_Ap6R,objective,qwen3:1.7b,True
objective,0.95,"The sentence states a factual claim about the exclusion of specific approaches from evaluation without expressing personal opinions, evaluations, or hedging. It reports a neutral fact about the research process.",The sentence is objective as it describes a verifiable fact about the evaluation process without subjective language.,24,"Moreover, recent multi-branch approaches, such as Luo et al. [2], which integrate DCT, ELA, and noise features, are excluded from the evaluation.",,THE JPEG BLIND SPOT: EXPOSING A CRITICAL VULNERABILITY IN DOCUMENT TAMPERING DETECTION,ICLR.cc/2026/Conference/Submission25466/Reviewer_o5xa,objective,qwen3:1.7b,True
objective,0.99,The sentence states a factual description of the paper's content without expressing personal opinion or evaluation. It reports the frequency of term usage as a verifiable fact.,The sentence is objective because it describes the paper's content without subjective judgment or emotional stance.,25,The term “real world” or “physical world” are mentioned several places in the paper.,,Contact-VLA: Zero-Shot Planning and Control for Contact-Rich Manipulation,ICLR.cc/2026/Conference/Submission25221/Reviewer_Tdgz,objective,qwen3:1.7b,True
subjective,0.8,"The sentence 'The applicability of the Joint Visual Layer Reduction' expresses an evaluation of the paper's potential utility, which is an opinion-based assessment. The term 'applicability' implies a judgment about the paper's real-world relevance, aligning with subjective analysis in peer reviews.","The sentence reflects an evaluative judgment about the paper's applicability, making it subjective.",26,The applicability of the Joint Visual Layer Reduction.,,HiDivDrop: Vision Token Reduction in MLLMs via Late Injection and Differentiable Top-K,ICLR.cc/2026/Conference/Submission25145/Reviewer_gcbi,objective,qwen3:1.7b,False
objective,0.95,"The sentence states a factual claim about the paper's lack of analysis of specific metrics (average calls, token usage, latency, financial cost). It does not express personal opinion, evaluation, or hedging, and is neutral in tone. The verb 'provides' refers to the paper's content without subjective interpretation.","The sentence reports a factual absence of analysis in the paper, which is objective.",27,"However, the paper provides no analysis of the average number of calls, token usage, latency, or financial cost per evaluation.",,D-MOE-EVAL: A Dynamic Mixture Of Experts Framework For Human-Aligned Nuanced Large Language Model Evaluation,ICLR.cc/2026/Conference/Submission25569/Reviewer_ErC3,objective,qwen3:1.7b,True
objective,0.9,"The sentence states a factual description of the approach (modular, leveraging VLMs and LLMs) without expressing an opinion or evaluation. The context of the peer review highlights a weakness, but the sentence itself is objective as it reports a verifiable technical detail.","The sentence provides a factual description of the method's structure, which is objective.",28,"However, in this work, it is a modular approach that leverages a combination of VLMs and LLMs.",,Contact-VLA: Zero-Shot Planning and Control for Contact-Rich Manipulation,ICLR.cc/2026/Conference/Submission25221/Reviewer_Tdgz,objective,qwen3:1.7b,True
objective,0.95,"The sentence states a factual claim about the methodology (empirical estimation relying on kernels) without expressing personal opinion or evaluation. The reference to equation 11 is a citation, further supporting an objective classification.",The sentence reports a verifiable methodological detail without subjective or evaluative language.,29,The empirical estimation of the CS divergence relies on kernels (Eq. 11).,,Fairness via Independence: A General Regularization Framework for Machine Learning,ICLR.cc/2026/Conference/Submission25320/Reviewer_Pqrj,objective,qwen3:1.7b,True
objective,0.95,"The sentence states a factual claim about the absence of definition in the introduction, without expressing personal opinion or evaluation. It reports a verifiable fact about the paper's content.","The reviewer is pointing out a factual gap in the paper's content, not expressing an opinion.",30,In the introduction $\alpha$ values are not defined,,Where Redundancy Lives: Stage-Aware Block Saliency in Skip-Connected Models,ICLR.cc/2026/Conference/Submission25281/Reviewer_CYi4,objective,qwen3:1.7b,True
subjective,0.95,"The sentence critiques the lack of quantitative analysis in the framework's MoE design, using evaluative language like 'does not quantify' and referencing specific computational costs. This indicates an opinion about the paper's completeness, which is subjective.","The reviewer is expressing an evaluation of the paper's methodology shortcomings, which is a subjective critique.",31,"While the framework uses parallel expert routing to improve efficiency, it does not quantify the computational costs of its MoE design—for example, how the number of experts (one per 42 dimensions) affects inference time or resource consumption compared to monolithic evaluators.",,D-MOE-EVAL: A Dynamic Mixture Of Experts Framework For Human-Aligned Nuanced Large Language Model Evaluation,ICLR.cc/2026/Conference/Submission25569/Reviewer_ZMSh,objective,qwen3:1.7b,False
objective,0.95,"The sentence states a verifiable fact about the experimental scope, mentioning a specific dataset as a detail but not expressing an opinion or evaluation. The author is reporting a limitation without personal stance.",The sentence is objective as it presents a factual limitation regarding the experimental scope.,32,The experimental scope is limited to a single dataset (Persian Traffic Sign Dataset).,,"ERS*: A Bounded, Attribution-Agnostic Metric for Explainable Robustness in Image Recognition",ICLR.cc/2026/Conference/Submission25011/Reviewer_K3y2,objective,qwen3:1.7b,True
subjective,0.95,"The sentence presents an evaluative judgment about the table's formatting, using terms like 'errors' and 'not placed above the tables as required,' which indicate an author's opinion rather than a verifiable fact. The phrase 'Table formatting errors' explicitly frames the statement as a critique, aligning with subjective analysis.","The reviewer is expressing an opinion about the table's formatting, which is subjective.",33,Table formatting errors: Table headers are not placed above the tables as required.,,D-MOE-EVAL: A Dynamic Mixture Of Experts Framework For Human-Aligned Nuanced Large Language Model Evaluation,ICLR.cc/2026/Conference/Submission25569/Reviewer_ZMSh,objective,qwen3:1.7b,False
objective,0.95,"The sentence presents a factual relationship between 'classification' and 'batch composition' without expressing personal opinion, evaluation, or hedging. The use of 'depends on' is standard in objective descriptions of methodological dependencies.",The sentence is objective as it states a verifiable factual relationship between variables in a scientific context.,34,The classification depends on batch composition.,,DeepCompress: A Dual Reward Strategy for Dynamically Exploring and Compressing Reasoning Chains,ICLR.cc/2026/Conference/Submission25170/Reviewer_EuSL,objective,qwen3:1.7b,True
objective,0.95,"The sentence states a factual description of the paper's content without expressing the author's opinion or evaluation. It simply reports that the paper compares two divergences under a specific distribution, which is a neutral factual statement.",The sentence is objective as it describes the paper's methodology without subjective judgment.,35,This paper gives a comparison between cs divergence and kl divergence under Gaussian distribution.,,Fairness via Independence: A General Regularization Framework for Machine Learning,ICLR.cc/2026/Conference/Submission25320/Reviewer_ESYX,objective,qwen3:1.7b,True
objective,0.95,"The sentence presents a factual description of the benchmark's features without expressing personal opinions or evaluations. It states that the benchmark is an extension of existing benchmarks with specific additions, which is a verifiable claim about the benchmark's structure.",The sentence objectively describes the benchmark's characteristics without introducing subjective judgments or emotional stances.,36,"Incremental Advancement: The benchmark is primarily an extension of existing tool-use benchmarks, adding goal shift and persona dimensions.",,AgentChangeBench: A Multi-Dimensional Evaluation Framework for Goal-Shift Robustness in Conversational AI,ICLR.cc/2026/Conference/Submission25416/Reviewer_iMah,objective,qwen3:1.7b,True
subjective,0.9,"The sentence critiques the study's scope by stating it lacks evidence of generality across more datasets and models. This implies an evaluation of the study's validity and breadth, which aligns with subjective analysis of research weaknesses.","The reviewer is critiquing the study's generalizability as an opinion, not a verifiable fact.",37,"Experiments only conducted on CIFAR-10 with ResNet-18, lacking evidence of generality across more datasets and models.",,CABA: A Collusive Aggregation-Emergent Backdoor Attack in Federated Learning,ICLR.cc/2026/Conference/Submission25274/Reviewer_7Dcr,objective,qwen3:1.7b,False
objective,0.99,"The sentence states a factual claim about the authors' actions (not sharing code) without expressing an opinion or evaluation. It is a verifiable statement about the researchers' behavior, aligning with objective criteria.","The sentence reports a factual observation about the authors' lack of code sharing, making it objective.",38,The authors do not share (or promise to share) code for reproducing the experiments.,,Curriculum-Based Termination Critic for Scalable Program Decomposition in Hierarchical Reinforcement Learning,ICLR.cc/2026/Conference/Submission25563/Reviewer_TBPh,objective,qwen3:1.7b,True
objective,0.95,"The sentence presents a technical fact about the relationship between kernel type/bandwidth and fairness performance without expressing personal opinion, evaluation, or hedging. It describes a known technical relationship objectively.",The sentence is an objective statement reporting a verifiable technical fact about kernel parameters and their impact on fairness performance.,39,"Since the kernel implicitly defines a density estimator, the fairness performance could be highly sensitive to kernel type and bandwidth.",,Fairness via Independence: A General Regularization Framework for Machine Learning,ICLR.cc/2026/Conference/Submission25320/Reviewer_Pqrj,objective,qwen3:1.7b,True
objective,0.99,The sentence states a factual claim about the paper's inclusion of prior work without expressing personal opinion or evaluation. It reports on the paper's content objectively.,"The sentence is a factual statement about the paper's methodology, not an opinion or evaluation.",40,"The related work mentions the concept of “LLM Juries” by Cohere et al., but it is not included as a baseline.",,D-MOE-EVAL: A Dynamic Mixture Of Experts Framework For Human-Aligned Nuanced Large Language Model Evaluation,ICLR.cc/2026/Conference/Submission25569/Reviewer_2tsy,objective,qwen3:1.7b,True
subjective,0.9,"The sentence critiques the framework's ability to analyze and mitigate knowledge redundancy, which is an evaluative judgment about its design and functionality. While the first part describes factual components of the framework, the second part expresses a subjective assessment of its limitations.","The reviewer is evaluating the framework's effectiveness, which is an opinion-based critique.",41,"The framework decomposes evaluation into 42 dimensions and assigns dedicated experts to each, but it does not analyze or mitigate potential knowledge redundancy between experts.",,D-MOE-EVAL: A Dynamic Mixture Of Experts Framework For Human-Aligned Nuanced Large Language Model Evaluation,ICLR.cc/2026/Conference/Submission25569/Reviewer_ZMSh,objective,qwen3:1.7b,False
objective,0.95,"The sentence presents a factual critique of the study's methodology, stating that ablation experiments did not test individual components. It does not include subjective language, evaluations, or hedging, and focuses on verifiable methodological shortcomings.","The review provides an objective analysis of the study's experimental design, highlighting a specific methodological flaw without expressing personal opinion or evaluation.",42,"Key components are not ablated individually: The Jury Panel’s ablation only removes the entire panel, without testing the impact of removing either the General Judge or Critic Judge alone; there is no ablation of the Scenario Classifier or specific evaluation dimensions to verify their necessity.",,D-MOE-EVAL: A Dynamic Mixture Of Experts Framework For Human-Aligned Nuanced Large Language Model Evaluation,ICLR.cc/2026/Conference/Submission25569/Reviewer_ZMSh,objective,qwen3:1.7b,True
objective,0.95,"The sentence states a factual claim about the paper's abstract and its lack of link/preview, without expressing personal opinion or evaluation. It reports a verifiable fact about the paper's content.","The sentence is a factual statement about the paper's content, not an opinion or evaluation.",43,"The abstract states that “the metric and dataset are available for download,” but no link or preview is provided in either the paper or the supplementary materials.",,hDRIVE: HDR Image Visual Evaluation Metric for SDR to HDR Upconversion Quality Assessment,ICLR.cc/2026/Conference/Submission25592/Reviewer_qovQ,objective,qwen3:1.7b,True
objective,0.95,"The sentence reports specific numerical data (23% slower inference) and technical terms (quadratic scaling in contrastive components) without expressing personal opinions, evaluations, or emotional stances. The use of 'acknowledge' indicates a factual statement about the authors' findings.","The sentence provides verifiable factual information about the authors' experimental results, making it objective.",44,The authors acknowledge 23\% slower inference and quadratic scaling in contrastive components.,,Contrastive-Aligned Knowledge Distillation for Collaborative Code Completion via Multi-Agent Reinforcement Learning,ICLR.cc/2026/Conference/Submission25606/Reviewer_hxQN,objective,qwen3:1.7b,True
objective,0.99,The sentence presents a factual observation about the relationship between memory size and improvement across tasks. It uses a technical term ('monotonic') and describes a statistical relationship without expressing personal opinion or emotional stance. The statement is verifiable through empirical data.,"The sentence reports a factual observation about a data-driven relationship, making it objective.",45,The improvement with memory size (M) is not monotonic across tasks.,,StaQ: a Finite Memory Approach to Discrete Action Policy Mirror Descent,ICLR.cc/2026/Conference/Submission25527/Reviewer_E3vT,objective,qwen3:1.7b,True
objective,0.99,"The sentence states a factual observation about the paper's use of symbols without expressing an opinion or evaluation. It refers to the paper's content as a factual claim about notation, which aligns with objective criteria.","The review points out a factual issue with the paper's notation, which is a verifiable claim about the paper's content.",46,"The paper uses symbols such as $Q_\omega$ or $\pi$, which are never formally defined.",,Curriculum-Based Termination Critic for Scalable Program Decomposition in Hierarchical Reinforcement Learning,ICLR.cc/2026/Conference/Submission25563/Reviewer_TBPh,objective,qwen3:1.7b,True
objective,0.95,"The sentence presents a factual statement about the number of examples generated, using numerical data without subjective language. It reports a verifiable fact from the text, not an author's evaluation or opinion.",The sentence is objective as it reports numerical data without expressing the author's stance or evaluation.,47,"The text states “two paraphrases per training commit, yielding ~4,800 examples,” which suggests 1,600 originals + 3,200 paraphrases.",,Improving Developer Emotion Classification via LLM-Based Augmentation,ICLR.cc/2026/Conference/Submission25649/Reviewer_KLi7,objective,qwen3:1.7b,True
objective,0.95,"The sentence reports a factual statement about the technical capabilities of T-GCN and GC-LSTM models without expressing personal opinion or evaluation. It refers to a specific claim from the paper's codebase, which is a verifiable technical fact.","The sentence is a neutral factual statement about the models' functionality, not an opinion or evaluation.",48,"4)	In line 127, it is stated that T-GCN and GC-LSTM are limited to capturing only short-term temporal graph features.",,Unsupervised Dynamic Graph Multi-Model Representation Learning for Temporal Patterns Discovery: Uncovering Parkinson’s Disease Stages Using Cerebrospinal Fluid Longitudinal Profiles,ICLR.cc/2026/Conference/Submission25570/Reviewer_9Jj8,objective,qwen3:1.7b,True
objective,0.95,"The sentence states a verifiable fact about the absence of an experiment in the context of misalignment and image alignment. It does not include subjective language, hedging, or evaluative terms. The claim is factual and objective.",The sentence reports a factual absence of an experiment without expressing the author's opinion or evaluation.,49,"For example, there is no experiment showing the effect of misalignment when the input image is not properly aligned with the geometry.",,Style2Shape: Image Style Guided 3D Shape Material Generation,ICLR.cc/2026/Conference/Submission25608/Reviewer_Hn2v,objective,qwen3:1.7b,True
objective,0.95,"The sentence states a factual observation about the data (figures not showing variance) without expressing personal opinion, evaluation, or emotional stance. It is a direct assertion of a verifiable fact about the experimental results.",The sentence reports a factual discrepancy in the data without subjective judgment.,50,The figures in the experimental results do not show the variance of reported metrics across independent runs.,,Curriculum-Based Termination Critic for Scalable Program Decomposition in Hierarchical Reinforcement Learning,ICLR.cc/2026/Conference/Submission25563/Reviewer_LPVL,objective,qwen3:1.7b,True
subjective,0.95,The sentence expresses a personal opinion ('my main concern') and an evaluative judgment ('don't see that the experiments support...') about the research results. The use of hedging ('while the work is promising') and the author's stance indicate subjective analysis.,"The reviewer is expressing their own perspective and criticism regarding the study's validity, which is a subjective evaluation.",51,"My main concern is, while the work is promising, I don't see that the experiments support the main conclusions that authors draw.",promising,Scaling Laws for Generative Reward Models,ICLR.cc/2026/Conference/Submission25601/Reviewer_UekM,subjective,qwen3:1.7b,True
subjective,0.95,The sentence contains evaluative language ('weak issues') and expresses an opinion about the manuscript's quality. The use of 'weak' and the context of a peer review indicate a subjective judgment.,"The reviewer is critiquing the manuscript's clarity as a weakness, which is an evaluative statement reflecting their personal opinion.",52,"Although the intuition behind character-ID information is interesting, there are several weak issues in this manuscript.  1/ Clarity.",interesting,All-in-One: Boosting Basic Capabilities in one Omni-MLLM to Enhance Movie Understanding,ICLR.cc/2026/Conference/Submission25627/Reviewer_pdST,subjective,qwen3:1.7b,True
subjective,0.9,"The sentence uses evaluative language ('overly simplistic', 'lacks rigor') and expresses the author's opinion about the paper's definition, which is not a verifiable fact.","The review contains subjective criticism of the paper's methodology, using adjectives that reflect the author's judgment rather than objective data.",53,1 The definition of hallucinations in this paper is overly simplistic and lacks rigor.,simplistic | lacks,Efficient High-Resolution Image Editing with Hallucination-Aware Loss and Adaptive Tiling,ICLR.cc/2026/Conference/Submission25554/Reviewer_GPpq,subjective,qwen3:1.7b,True
subjective,0.95,"The sentence expresses a recommendation or critique about the paper's content, indicating an author's opinion on what should be included. The use of 'should' and the evaluation of the comparison as 'insufficient' reflect subjective judgment.","The reviewer is critiquing the paper's completeness by suggesting a missing comparison, which is an evaluative statement.",54,"The authors should, for instance, discuss how their framework compares to general-purpose multi-agent frameworks like AutoGen or CrewAI, and why a bespoke system was necessary. - Insufficient comparison to recent agentic frameworks.",Insufficient,MAIG: Multi-agent system for Academic Illustration Generation based on deep search and reflection,ICLR.cc/2026/Conference/Submission25589/Reviewer_xRDB,subjective,qwen3:1.7b,True
subjective,0.9,"The sentence contains 'I think' which indicates an opinion, and the statement is recommending a specific requirement for the paper, which is subjective. The mention of 'cross-environment cooperation' is a technical term but does not alter the subjective nature of the claim.","The sentence expresses an opinion about the necessity of an algorithm or figure, which is subjective.",55,I think you really need an algorithm or a figure that places all the pieces together so that one can understand how they relate to each other [1] Cross-environment Cooperation Enables Zero-shot Multi-agent Coordination,I think,Contrastive-Aligned Knowledge Distillation for Collaborative Code Completion via Multi-Agent Reinforcement Learning,ICLR.cc/2026/Conference/Submission25606/Reviewer_v45Z,subjective,qwen3:1.7b,True
subjective,0.95,"The sentence includes subjective elements such as 'it seems like' and 'would be the real baseline,' which indicate the author's evaluation of the baseline method. The use of 'seems like' and the mention of LoRA/adapters as examples further support the subjective nature of the statement.","The sentence expresses the author's opinion about the baseline method's lack of standard efficiency techniques, which is subjective.",56,"In addition, it seems like the baseline fine-tuning does not employ standard parameter‑efficient fine‑tuning methods inside the BFM (e.g., LoRA/adapters), which would be the real baseline when talking about efficiency.",it seems,Task Tokens: A Flexible Approach to Adapting Behavior Foundation Models,ICLR.cc/2026/Conference/Submission25607/Reviewer_zBs9,subjective,qwen3:1.7b,True
objective,1.0,"The sentence states a factual observation about the paper's content (definitions in MARL are not clearly defined), without expressing personal opinion or evaluation. It is a neutral report of a factual claim.","The sentence objectively reports a lack of clarity in the paper's definitions, which is a verifiable fact.",57,"The environment structure, reward horizon, and credit assignment in MARL are not clearly defined.",not clearly,Contrastive-Aligned Knowledge Distillation for Collaborative Code Completion via Multi-Agent Reinforcement Learning,ICLR.cc/2026/Conference/Submission25606/Reviewer_hxQN,subjective,qwen3:1.7b,False
subjective,0.95,"The sentence critiques the paper's methodology by stating it lacks comparison to specific methods (e.g., MaterialMVP), which is an evaluative judgment. The use of 'lacks' and the mention of specific methods indicate an author's opinion about the paper's shortcomings.",The reviewer is expressing a subjective critique about the paper's methodology.,58,"The paper lacks comparison to several relevant methods, such as MaterialMVP (ICCV 2025), which also supports image as the condition and generates the object material.",lacks | relevant,Style2Shape: Image Style Guided 3D Shape Material Generation,ICLR.cc/2026/Conference/Submission25608/Reviewer_Hn2v,subjective,qwen3:1.7b,True
subjective,0.95,"The sentence starts with 'I think,' indicating an opinion, and uses evaluative language like 'particularly interesting' to express a personal judgment about the model's training. The factual statement about the model being trained on pivot languages is used to support the opinion, making the overall statement subjective.","The author expresses a personal opinion about the model's training, which is not a verifiable fact.",59,I think this would be particularly interesting to see as opposed to just the pivot languages because the model is explicitly trained on those anyway.,I think | interesting,Revisiting Multilingual Data Mixtures in Language Model Pretraining,ICLR.cc/2026/Conference/Submission25639/Reviewer_GiHe,subjective,qwen3:1.7b,True
subjective,0.95,"The sentence contains subjective expressions such as 'I'd much prefer' and 'i think LLM as a judge weakens the argument,' which indicate personal opinions or evaluations. These elements are not verifiable facts, and the author's stance is clearly expressed.","The sentence expresses the author's personal preferences and evaluations about evaluation rigor and the role of LLM, which are subjective in nature.",60,I'd much prefer if the evals were as rigorous as possible and i think LLM as a judge weakens the argument,I'd much prefer ,Hierarchies over Pixels: A Benchmark for Cognitive Geospatial Reasoning for Agents,ICLR.cc/2026/Conference/Submission25567/Reviewer_guxm,subjective,qwen3:1.7b,True
subjective,0.99,"The sentence expresses a personal opinion ('I'm not a great fan') and uses evaluative language ('as a judge evaluation'), indicating an author's subjective stance rather than verifiable facts.","The review explicitly states a personal preference, which is a subjective evaluation.",61,"At the same time, I'm not a great fan of the LLM as a judge evaluation of the agents",I'm not a,Hierarchies over Pixels: A Benchmark for Cognitive Geospatial Reasoning for Agents,ICLR.cc/2026/Conference/Submission25567/Reviewer_guxm,subjective,qwen3:1.7b,True
subjective,0.95,"The sentence 'This is not interesting' expresses an evaluative judgment about the content's relevance, which aligns with subjective criteria. It lacks verifiable facts, method descriptions, or numerical data, and contains an emotional or opinion-based assessment.","The sentence is an evaluative judgment about the content's interest, making it subjective.",62,This is not interesting.,interesting,Hierarchies over Pixels: A Benchmark for Cognitive Geospatial Reasoning for Agents,ICLR.cc/2026/Conference/Submission25567/Reviewer_guxm,subjective,qwen3:1.7b,True
subjective,0.9,"The sentence uses 'should be included' as a recommendation, which is a subjective opinion. It discusses what the paper should add, indicating an author's evaluation of the paper's completeness.",The sentence expresses a subjective recommendation about what should be included in the paper.,63,"Additional privacy-related baselines, such as approaches based on secure inference, differential privacy, should be included for a more convincing empirical validation. 3.",should be,AlienLM: Alienization of Language for Privacy-Preserving API Interaction with LLMs,ICLR.cc/2026/Conference/Submission25556/Reviewer_EeK6,subjective,qwen3:1.7b,True
subjective,0.9,"The sentence uses evaluative language ('unclear') and expresses an opinion about the paper's clarity, which is a hallmark of subjective analysis. The phrase 'really' intensifies the judgment, and the structure of the sentence frames the author's evaluation rather than presenting verifiable facts.","The sentence subjectsively evaluates the clarity of the paper, indicating the reviewer's personal judgment about its quality.",64,- The paper is really unclear on exactly what and how the probem is being solved.,unclear,Curriculum-Based Termination Critic for Scalable Program Decomposition in Hierarchical Reinforcement Learning,ICLR.cc/2026/Conference/Submission25563/Reviewer_e415,subjective,qwen3:1.7b,True
subjective,0.95,"The sentence includes subjective expressions like 'I think' and 'it is unclear to me,' which indicate the reviewer's personal judgment about the paper's clarity and reliability. It also contains evaluative language and hypothetical examples that reflect the author's perspective.","The reviewer is expressing their own opinion about the paper's content, which makes the statement subjective.",65,"More explicitly stating what the measured quantities in the experiments correspond to in terms of the theory and the notation introduced above would be useful here, I think. 	- For example, how do $n$-gram statistic map to jets? - It is unclear to me to what degree the results should be trusted as a truthful representation of the model.",I think | unclear | should be,Jet Expansions: Restructuring LLM Computation for Model Inspection,ICLR.cc/2026/Conference/Submission25587/Reviewer_QKXz,subjective,qwen3:1.7b,True
subjective,0.95,"The sentence uses evaluative language ('overclaiming') and expresses an opinion about the title's appropriateness, which aligns with subjective criteria. It does not report verifiable facts or describe methods/results.",The reviewer's critique of the title's overclaiming is an opinion-based evaluation.,66,- The title is overclaiming by having “Riemannian Geometry” as the opening clause.,overclaiming,Riemannian Geometry: Speech Detection from MEG Brain Signals Towards Non-Invasive BCI,ICLR.cc/2026/Conference/Submission25560/Reviewer_i4zw,subjective,qwen3:1.7b,True
subjective,0.95,"The sentence uses evaluative language ('not well-enough motivated') and expresses an opinion about the dataset introduction, indicating the author's perspective rather than a verifiable fact.","The review contains an evaluative judgment about the dataset's motivation, which is subjective.",67,"As it stands, this dataset introduction is not well-enough motivated.",not well,Improving Developer Emotion Classification via LLM-Based Augmentation,ICLR.cc/2026/Conference/Submission25649/Reviewer_tdxY,subjective,qwen3:1.7b,True
subjective,0.95,"The sentence uses the evaluative term 'thin' to critique the paper's approach to positioning/novelty versus close baselines, indicating an opinion rather than a factual claim. The phrase 'is thin' is a subjective judgment about the paper's methodology.","The reviewer is expressing an opinion about the paper's approach, which is subjective.",68,Positioning/novelty vs. close baselines is thin.,novelty,Contrastive Code Graph Embeddings for Reinforcement Learning-Based Automated Code Refactoring,ICLR.cc/2026/Conference/Submission25618/Reviewer_qRvF,subjective,qwen3:1.7b,True
subjective,0.9,"The sentence uses 'should have been conducted,' which implies a recommendation or suggestion, indicating an author's opinion or critique of the methodology. The phrase 'proper grid search' is a technical term, but the context of the peer review suggests it's a subjective evaluation of the author's work.","The sentence critiques the author's methodology by suggesting a missing step, which is a subjective evaluation of their work.",69,A proper grid search for the best learning rate should have been conducted.,should have,Silver Stepsize for Faster Zeroth-Order Optimization,ICLR.cc/2026/Conference/Submission25582/Reviewer_oiV7,subjective,qwen3:1.7b,True
subjective,0.95,"The sentence uses hedging language ('unclear', 'whether') and expresses uncertainty about the results' causation, indicating an author's evaluation or uncertainty rather than a verifiable fact. The phrase 'lucky, unintentional cherry-picking' suggests a potential methodological issue, but the overall tone is subjective as it presents a possible explanation without definitive assertion.","The sentence is subjective due to its hedging language and uncertainty, reflecting the author's evaluation of the study's methodology.",70,"Indeed, as it stands, it is unclear whether, for instance, the current results are not the consequence of a lucky, unintentional cherry-picking of the right (default) random seed.",unclear,Cross-Modal Syntax-NL Attention for Multi-Agent Reinforcement Learning in Collaborative Coding,ICLR.cc/2026/Conference/Submission25586/Reviewer_i1oQ,subjective,qwen3:1.7b,True
subjective,0.95,"The sentence critiques the benchmark's representativeness and the toolkit's scope, using evaluative language like 'unclear' and 'narrower,' which are subjective judgments about the paper's strengths and weaknesses.","The peer review expresses opinions about the benchmark's generalizability and the toolkit's limitations, indicating a subjective analysis of the paper's merits and shortcomings.",71,"Without geographic context, it is unclear how representative or generalizable the benchmark is. **Tools are narrower.** The toolkit focuses on perception and spatial-relation operators (buffer, overlap, containment) but lacks temporal/change and code-based tools that are common in broader geospatial reasoning workflows.",unclear | lacks,Hierarchies over Pixels: A Benchmark for Cognitive Geospatial Reasoning for Agents,ICLR.cc/2026/Conference/Submission25567/Reviewer_PTWu,subjective,qwen3:1.7b,True
subjective,0.95,"The sentence expresses a personal evaluation (e.g., 'should include comparisons') and acknowledges the reviewer's own lack of familiarity with a specific method. It includes subjective recommendations and judgments about the paper's content, rather than verifiable facts or objective descriptions.","The reviewer is offering a subjective suggestion about the paper's methodology, based on their own knowledge and judgment.",72,"Although I am not deeply familiar with the specific two-point ZO estimation paradigm, it seems that the paper should include comparisons with more advanced accelerated or variance-reduced zeroth-order optimizers—for example, algorithms that incorporate momentum, adaptive smoothing, or gradient-tracking techniques.",it seems  | should include,Silver Stepsize for Faster Zeroth-Order Optimization,ICLR.cc/2026/Conference/Submission25582/Reviewer_XZvk,subjective,qwen3:1.7b,True
objective,0.95,"The sentence critiques the paper's methodology by pointing out a lack of clarity in defining adversarial settings, which is a factual statement about the paper's content rather than an evaluative or subjective opinion. The reviewer is highlighting a deficiency in the paper's methodology, not expressing their own stance.","The sentence is an objective critique of the paper's methodology, focusing on a factual deficiency in its definition of adversarial settings.",73,"The paper does not clearly define the adversarial setting for code generation—what kinds of perturbations are used, how they are measured, and what “robustness” precisely means.",not clearly | robustness,Curricular Adversarial Training for Robust Code Generation via Hierarchical Reinforcement Learning,ICLR.cc/2026/Conference/Submission25575/Reviewer_TNBK,subjective,qwen3:1.7b,False
subjective,0.6,"The sentence expresses an opinion about the clarity of the ablations' purpose, using 'not very clear' and 'would have been beneficial' which imply the author's assessment of the paper's quality. The phrase 'would have been beneficial' introduces a hypothetical scenario, but the overall sentiment is subjective as it reflects the author's evaluation of the paper's clarity.","The sentence is subjective because it reflects the author's opinion on the clarity of the ablations' purpose, using evaluative language and hypothetical scenarios.",74,"It was not very clear what the ablations where trying to accomplish sometimes, would have been beneficial.",very clear,Scaling Laws for Generative Reward Models,ICLR.cc/2026/Conference/Submission25601/Reviewer_UekM,subjective,qwen3:1.7b,True
objective,0.95,"The sentence presents a factual statement about the consequences of an omission in the context of MoE architectures. It describes a general trend (memory/latency costs) and a specific outcome (difficulty in assessing practicality), which are verifiable facts. No subjective language, evaluations, or hedging is present.",The sentence objectively states a factual consequence of an omission without expressing the author's personal opinion or evaluation.,75,"Given that MoE architectures typically incur higher memory or latency costs due to expert activation, this omission makes it hard to assess the framework’s practicality in resource-constrained environments.",hard to assess,D-MOE-EVAL: A Dynamic Mixture Of Experts Framework For Human-Aligned Nuanced Large Language Model Evaluation,ICLR.cc/2026/Conference/Submission25569/Reviewer_ZMSh,subjective,qwen3:1.7b,False
objective,0.9,"The sentence states a factual claim about the paper's presentation quality ('poor') and its impact on evaluation. It does not express personal opinions, evaluations, or hedging, nor does it describe methods or report results. The author is critiquing a specific attribute of the paper, which is a verifiable fact.","The sentence is an objective statement about the paper's presentation quality, not an opinion or evaluation.",76,The poor presentation makes it extremely difficult to evaluate the technical soundness and novelty of the contributions. 1.,difficult to evaluate | novelty,Cross-Modal Syntax-NL Attention for Multi-Agent Reinforcement Learning in Collaborative Coding,ICLR.cc/2026/Conference/Submission25586/Reviewer_gL1u,subjective,qwen3:1.7b,False
subjective,0.95,"The sentence uses the evaluative term 'questionable' to express doubt about the reliability of the tests, which is an opinion. The mention of '4' likely refers to a citation, but the main claim is subjective.","The sentence expresses an opinion about the reliability of the tests, indicating subjectivity.",77,The power of these tests and their reliability for clinical interpretation are questionable. 4.,questionable,Unsupervised Dynamic Graph Multi-Model Representation Learning for Temporal Patterns Discovery: Uncovering Parkinson’s Disease Stages Using Cerebrospinal Fluid Longitudinal Profiles,ICLR.cc/2026/Conference/Submission25570/Reviewer_dDiY,subjective,qwen3:1.7b,True
subjective,0.95,"The sentence includes an evaluative term ('fails to reveal') and critiques the paper's performance, indicating an author's opinion. The ablation study results are presented factually, but the overall statement is a critique, making it subjective.","The reviewer expresses an opinion about the paper's performance, even though the ablation study results are presented as factual data.",78,"The paper fails to reveal the state of the art on this task. - The ablation study (Table 7) shows that training on Triple-S or MultiChat alone gives marginal benefit, but training on both provides a huge boost.",fails to,Triple-S: A Sticker Semantic Similarity Benchmark with General Sticker Encoder,ICLR.cc/2026/Conference/Submission25572/Reviewer_yX6H,subjective,qwen3:1.7b,True
subjective,0.95,"The sentence uses 'I would like to see' which indicates a personal preference, and the phrase 'align different high dimensional observations' is a request for improvement, both of which are subjective expressions of the author's opinion. The lack of verifiable facts or method descriptions further supports the subjective classification.","The sentence expresses a personal opinion about how the paper could be improved, making it subjective.",79,"If like that, I would like to see the author could align diffrent high dimensional observations.",would like to see,LaMbDA: Local Latent Embedding Alignment for Cross-modal Time-Series Diffusion,ICLR.cc/2026/Conference/Submission25565/Reviewer_PVqD,subjective,qwen3:1.7b,True
subjective,0.95,"The sentence contains evaluative phrases like 'promising' and 'somewhat limited in scope,' which indicate the author's personal judgment about the experimental evaluation's scope. These are not verifiable facts, and the language reflects an opinion rather than a neutral description of methodology or results.","The reviewer expresses an opinion about the evaluation's scope, which is subjective.",80,"The experimental evaluation, while promising, appears somewhat limited in scope.",promising | somewhat limited,HTR for Russian Empire Period Manuscripts: A Two-Stage Framework with New Annotated Resources,ICLR.cc/2026/Conference/Submission25555/Reviewer_BcVz,subjective,qwen3:1.7b,True
subjective,0.95,"The sentence includes evaluative terms like 'insufficient' and 'absent,' which indicate the author's opinion or critique. The context of a peer review's 'weaknesses' section supports a subjective classification.","The sentence critiques the methodology's adequacy using evaluative language, aligning with subjective analysis in academic reviews.",81,Direct label prediction is insufficient to measure reasoning; CoT or reasoning-path supervision is absent. 3.,insufficient,Causal Reasoning Favors Encoders: Limits of Decoder-Only Models,ICLR.cc/2026/Conference/Submission25568/Reviewer_vzTB,subjective,qwen3:1.7b,True
subjective,0.6,"The sentence contains subjective expressions like 'I believe' and 'I do not know if...' along with evaluative terms such as 'lacking' and 'impossible'. While the factual component about datasets is present, the overall tone reflects the author's personal judgment and uncertainty.","The sentence combines factual information with subjective evaluations and personal beliefs, indicating a subjective stance.",82,"As such, I believe the evaluation is lacking, but I do not know if improving it is possible, given that recent datasets cannot easily be trained with the proposed strategy.",I believe,Less is More: Improving Molecular Force Fields with Minimal Temporal Information,ICLR.cc/2026/Conference/Submission25585/Reviewer_ZeyN,subjective,qwen3:1.7b,True
subjective,0.95,"The sentence contains evaluative language such as 'very low,' 'cannot understand,' 'seem arbitrary,' and 'lack of insights.' These terms indicate the author's critical assessment of the study's methodology and results, rather than objective facts or verifiable claims.","The review expresses subjective criticism about the study's methodology and results, using evaluative language and emotional stances.",83,"Nonetheless, the analysis of the dataset is very low and we cannot understand the impact of each of these tasks; the various design choices for each task, albeit explained, are not experimentally verified and seem arbitrary.  4/ Lack of insights.",we cannot understand,All-in-One: Boosting Basic Capabilities in one Omni-MLLM to Enhance Movie Understanding,ICLR.cc/2026/Conference/Submission25627/Reviewer_pdST,subjective,qwen3:1.7b,True
subjective,0.95,"The sentence contains a factual statement about results ('9/16 cases, each improvement <5%') and a subjective uncertainty ('I am not sure...'). The latter expresses the author's doubt, making the overall statement subjective.","The reviewer questions the relevance of small gains to temporality, indicating personal uncertainty, which is a subjective evaluation.",84,"The loss only improved the accuracy over the baseline in 9/16 cases, each improvement being less than 5%. - I am not sure the small gains have anything to do with temporality.",not sure,Less is More: Improving Molecular Force Fields with Minimal Temporal Information,ICLR.cc/2026/Conference/Submission25585/Reviewer_8Ljb,subjective,qwen3:1.7b,True
subjective,0.95,"The sentence contains an evaluative statement ('Poor presentation and readability') and a factual claim ('The overall presentation is difficult to follow'), but the primary focus is on the author's critique of the presentation's quality, which is an opinion. The use of 'poor' and 'difficult to follow' indicates subjective judgment.","The sentence expresses a subjective critique of the presentation's quality, as it contains evaluative language and an opinion-based assessment.",85,Poor presentation and readability: The overall presentation is difficult to follow.,difficult to follow,AlienLM: Alienization of Language for Privacy-Preserving API Interaction with LLMs,ICLR.cc/2026/Conference/Submission25556/Reviewer_EeK6,subjective,qwen3:1.7b,True
subjective,0.9,"The sentence critiques the terminology used in the paper, expressing an opinion that the term 'age-based' is incorrect and suggests a better alternative. This reflects the author's personal judgment about the methodology, which is a subjective evaluation.","The reviewer is commenting on the accuracy of terminology, which is a subjective assessment of the paper's methodology.",86,"For example, the authors describe constructing “age-based” graphs, when in fact each graph corresponds instead to a specific visit time (a better -and correct- term in my opinion would be visit-based graphs).",in my opinion,Unsupervised Dynamic Graph Multi-Model Representation Learning for Temporal Patterns Discovery: Uncovering Parkinson’s Disease Stages Using Cerebrospinal Fluid Longitudinal Profiles,ICLR.cc/2026/Conference/Submission25570/Reviewer_QbpR,subjective,qwen3:1.7b,True
subjective,0.95,"The sentence uses evaluative language ('overly simplistic', 'failing to clearly illustrate') and expresses a personal judgment about the figures' quality, indicating an author's opinion rather than a verifiable fact.",The review contains subjective evaluation of the figures' clarity and simplicity.,87,"Figures 1 and 2 are overly simplistic, failing to clearly illustrate the framework’s workflow.",simplistic,D-MOE-EVAL: A Dynamic Mixture Of Experts Framework For Human-Aligned Nuanced Large Language Model Evaluation,ICLR.cc/2026/Conference/Submission25569/Reviewer_ZMSh,subjective,qwen3:1.7b,True
subjective,0.95,"The sentence expresses an opinion about the study's methodology by stating that without comparing to ThinkGeo or analyzing performance differences, it's hard to assess the benefits. It uses evaluative language ('hard to assess') and implies the author's judgment on the study's completeness.","The sentence is an opinion about the study's methodology, indicating the author's evaluation of its completeness.",88,"Without comparing to ThinkGeo directly or analyzing performance differences across modalities, it's hard to assess the true benefits of the proposed approach.",hard to assess,Hierarchies over Pixels: A Benchmark for Cognitive Geospatial Reasoning for Agents,ICLR.cc/2026/Conference/Submission25567/Reviewer_5bSx,subjective,qwen3:1.7b,True
subjective,0.95,"The sentence uses evaluative language ('inadequate') and expresses a negative judgment about the experimental design and visualization, indicating an author's personal opinion rather than a verifiable fact.","The review critiques the experimental design and visualization as inadequate, which is an evaluative statement expressing the author's opinion.",89,"Finally, the experimental design and visualization are inadequate.",inadequate,THE JPEG BLIND SPOT: EXPOSING A CRITICAL VULNERABILITY IN DOCUMENT TAMPERING DETECTION,ICLR.cc/2026/Conference/Submission25466/Reviewer_o5xa,subjective,qwen3:1.7b,True
subjective,0.95,"The sentence 'This is questionable' uses the evaluative adjective 'questionable' to express an opinion or doubt about the preceding statement. This aligns with the definition of subjective language, which includes evaluations, hedges, and emotional stances.","The sentence expresses an evaluative judgment, making it subjective.",90,This is questionable.,questionable,Hierarchies over Pixels: A Benchmark for Cognitive Geospatial Reasoning for Agents,ICLR.cc/2026/Conference/Submission25567/Reviewer_CA8L,subjective,qwen3:1.7b,True
subjective,0.95,"The sentence uses 'believe' to express a personal opinion about the paper's generation, which is a subjective evaluation. The author's stance is not verifiable factually.","The sentence presents a subjective belief about the paper's origin, indicating an opinion rather than an objective fact.",91,I believe this paper was generated by AI.,I believe,Contrastive Code Graph Embeddings for Reinforcement Learning-Based Automated Code Refactoring,ICLR.cc/2026/Conference/Submission25618/Reviewer_BKDb,subjective,qwen3:1.7b,True
subjective,0.95,"The sentence uses evaluative language such as 'hard to follow' and 'disconnected from the overall goal,' which are subjective opinions. The mention of 'Lack of solid contributions' further reinforces the subjective nature of the statement. No verifiable factual claims are present.","The review expresses personal opinions about the paper's structure and content, indicating a subjective assessment.",92,I find the paper hard to follow and every part somehow disconnected from the overall goal.  2/ Lack of solid contributions.,I find | hard to follow | Lack,All-in-One: Boosting Basic Capabilities in one Omni-MLLM to Enhance Movie Understanding,ICLR.cc/2026/Conference/Submission25627/Reviewer_pdST,subjective,qwen3:1.7b,True
subjective,0.95,The sentence uses evaluative adjectives like 'insufficient' and 'limited' to express the author's critique of the related work section and baselines. These terms indicate subjective judgment rather than verifiable facts.,The peer review sentence contains subjective evaluations of the paper's content.,93,"5.The related work section is insufficient, and the baselines listed in the main experiment table are quite limited.",insufficient | quite limited,Diffusion-Advection Transformer for Air Quality Prediction,ICLR.cc/2026/Conference/Submission25577/Reviewer_RSdU,subjective,qwen3:1.7b,True
subjective,0.95,"The sentence uses the evaluative adjective 'seems' to express the author's opinion about the paper's specification, indicating a subjective judgment rather than a verifiable fact.","The author's assessment of the paper's clarity is subjective, as it involves an evaluation of the paper's completeness rather than factual reporting.",94,The paper seems doesn’t specify which layers’ activations are used to compute features or why.,The paper seems,Neuron-Aware Data Selection in Instruction Tuning for Large Language Models,ICLR.cc/2026/Conference/Submission25580/Reviewer_wy8Y,subjective,qwen3:1.7b,True
subjective,0.95,"The sentence uses 'should' to express a recommendation, which is a personal judgment. It does not state verifiable facts or describe methods/report results. The author's stance on content placement is evident.","The sentence expresses a personal recommendation, indicating an opinion rather than an objective fact.",95,"Therefore, they should be moved from the supplementary material to the main paper.",should be,Efficient High-Resolution Image Editing with Hallucination-Aware Loss and Adaptive Tiling,ICLR.cc/2026/Conference/Submission25554/Reviewer_BLVj,subjective,qwen3:1.7b,True
subjective,0.95,"The sentence uses emotional language ('unfortunately', 'hard to follow') and expresses a personal evaluation of the paper's structure, indicating an author's opinion rather than a verifiable fact. The hedging phrase 'a bit hard' further supports the subjective nature.",The reviewer's personal experience and emotional judgment about the paper's clarity are clearly expressed.,96,"- Unfortunately, I found it a bit hard to follow the transition between the empirical results and the theoretical setup.",hard to follow,Jet Expansions: Restructuring LLM Computation for Model Inspection,ICLR.cc/2026/Conference/Submission25587/Reviewer_QKXz,subjective,qwen3:1.7b,True
subjective,0.75,"The sentence includes a subjective evaluation ('I appreciate') alongside objective factual claims about model performance. The phrase 'interesting finding' introduces an evaluative stance, while the rest of the content presents verifiable comparisons between models.","The reviewer expresses an opinion about the significance of the finding, balancing objective data with subjective judgment.",97,"The paper proposes an interesting finding: decoder-only language models exhibit weaker logical reasoning abilities compared to fine-tuned encoder and encoder-decoder models, which I appreciate.",The paper proposes | interesting,Causal Reasoning Favors Encoders: Limits of Decoder-Only Models,ICLR.cc/2026/Conference/Submission25568/Reviewer_157V,subjective,qwen3:1.7b,True
subjective,0.95,"The sentence contains 'I think' which indicates an opinion, and 'apparent' suggests the author's perception of a weakness in the writing. The statement does not present verifiable facts or methodological details, aligning with subjective analysis.","The reviewer expresses a personal judgment about the writing quality, indicating subjectivity.",98,"The first apparent weakness, I think, lies in the writing.",I think,Causal Reasoning Favors Encoders: Limits of Decoder-Only Models,ICLR.cc/2026/Conference/Submission25568/Reviewer_ivZq,subjective,qwen3:1.7b,True
subjective,0.95,The sentence contains an explicit opinion ('I believe') and uses hedging ('should generally undergo') to express the author's stance on the work's requirements. It does not present verifiable facts or methodological details.,"The sentence expresses the author's personal belief about the work's requirements, making it subjective.",99,I don't have specific improvement suggestions for this work because I believe it should generally undergo a major revision in order to be accepted to this conference.,I believe,SAVIOR: Sample-efficient Alignment of Vision-Language Models for OCR Representation,ICLR.cc/2026/Conference/Submission25642/Reviewer_Lzsk,subjective,qwen3:1.7b,True
subjective,0.95,"The sentence uses 'not sure' and 'I am not sure,' indicating uncertainty and a personal judgment about the conditions of LLM self-play systems. This aligns with subjective analysis, as it reflects the author's stance rather than verifiable facts.","The sentence expresses the author's uncertainty about the conditions of LLM self-play systems, which is a subjective evaluation.",100,I am not sure whether typical LLM self-play systems used in practice satisfy these conditions. 2.,not sure,Training as Computation: A Resource-Bounded Theory of Continual Self-Play Learning,ICLR.cc/2026/Conference/Submission25593/Reviewer_AxQw,subjective,qwen3:1.7b,True
